order_id|line_no|product_id|qty|unit_price|discount_pct
1|1|54|3|592.11|10
2|1|75|3|164.95|5
2|2|22|1|31.77|10
3|1|32|2|886.69|0
3|2|35|1|444.17|10
3|3|78|1|44.80|5
3|4|25|5|56.61|0
3|5|77|1|62.44|0
4|1|48|3|298.20|0
4|2|1|1|27.42|0
5|1|64|3|128.47|0
5|2|75|1|147.59|15
5|3|76|2|183.27|0
6|1|60|3|108.60|0
6|2|26|1|53.73|0
6|3|72|1|57.31|0
6|4|56|1|842.57|0
6|5|42|1|65.62|0
7|1|55|2|56.76|15
7|2|75|1|138.90|20
8|1|2|1|102.77|15
8|2|68|3|187.11|5
8|3|64|2|128.47|0
9|1|77|1|59.32|5
9|2|80|3|112.72|0
10|1|67|1|51.08|20
11|1|22|1|35.30|0
12|1|62|1|343.36|10
12|2|22|1|35.30|0
12|3|32|6|886.69|0
12|4|68|2|177.26|10
12|5|28|3|42.72|5
12|6|73|1|194.25|0
13|1|31|1|572.84|0
14|1|74|1|157.11|0
14|2|73|1|194.25|0
15|1|59|3|533.05|15
16|1|14|1|190.57|0
16|2|65|2|165.25|5
16|3|44|1|73.28|0
17|1|50|1|492.26|5
17|2|77|1|62.44|0
17|3|69|1|193.06|5
17|4|13|3|361.83|0
17|5|35|6|493.52|0
18|1|24|4|17.11|25
19|1|64|1|128.47|0
20|1|73|1|194.25|0
20|2|51|5|479.47|0
20|3|54|2|625.00|5
20|4|19|1|379.68|0
20|5|24|5|20.53|10
21|1|37|2|290.89|0
21|2|72|2|57.31|0
21|3|77|1|59.32|5
21|4|44|2|73.28|0
22|1|10|1|54.08|0
22|2|5|1|82.16|0
22|3|37|3|290.89|0
22|4|45|1|75.35|10
22|5|72|3|57.31|0
23|1|4|2|39.44|0
23|2|5|1|82.16|0
23|3|68|2|196.96|0
23|4|51|2|431.52|10
23|5|19|5|360.70|5
23|6|17|2|304.08|0
23|7|58|1|720.71|0
23|8|6|2|51.68|5
24|1|59|1|595.76|5
24|2|3|4|148.69|0
24|3|19|5|322.73|15
24|4|72|2|57.31|0
25|1|16|1|249.79|10
26|1|76|1|183.27|0
27|1|77|1|59.32|5
28|1|35|1|493.52|0
28|2|27|3|25.62|5
28|3|55|2|66.78|0
29|1|14|1|190.57|0
29|2|12|2|137.61|0
29|3|57|2|708.88|0
29|4|48|5|268.38|10
29|5|2|4|108.82|10
29|6|44|4|73.28|0
29|7|38|2|1260.44|0
29|8|50|3|518.17|0
30|1|70|1|362.97|0
30|2|29|3|11.38|0
30|3|64|1|128.47|0
31|1|20|1|45.32|0
31|2|46|3|264.10|0
31|3|62|4|381.51|0
31|4|33|1|916.67|0
31|5|23|1|14.91|5
32|1|39|1|180.18|0
32|2|41|5|315.72|0
32|3|24|1|22.81|0
32|4|13|3|361.83|0
32|5|49|2|395.78|0
33|1|50|1|518.17|0
33|2|49|1|356.20|10
33|3|78|1|42.44|10
34|1|7|2|79.24|0
34|2|44|1|65.95|10
34|3|11|3|268.79|0
35|1|51|2|479.47|0
35|2|13|1|361.83|0
35|3|3|1|148.69|0
35|4|68|1|196.96|0
35|5|48|1|298.20|0
36|1|3|3|126.39|15
36|2|59|5|501.70|20
37|1|68|1|187.11|5
37|2|62|2|381.51|0
37|3|38|1|1260.44|0
37|4|65|1|173.95|0
37|5|4|1|33.52|15
37|6|14|3|181.04|5
38|1|14|1|190.57|0
39|1|37|4|290.89|0
40|1|15|1|77.82|0
41|1|78|1|47.16|0
41|2|9|1|41.66|0
41|3|52|2|124.59|0
41|4|29|1|9.10|20
41|5|43|1|390.04|0
41|6|1|1|27.42|0
41|7|28|1|44.97|0
42|1|49|1|395.78|0
42|2|69|1|182.90|10
42|3|67|1|63.85|0
42|4|77|6|62.44|0
42|5|80|1|112.72|0
43|1|36|5|600.54|0
43|2|40|1|310.10|0
44|1|76|2|183.27|0
44|2|42|1|49.22|25
44|3|38|2|1260.44|0
44|4|30|5|38.30|0
44|5|63|3|133.48|25
44|6|58|1|720.71|0
45|1|78|2|47.16|0
45|2|73|1|194.25|0
45|3|3|2|148.69|0
46|1|14|2|152.46|20
46|2|54|2|657.90|0
46|3|26|3|51.04|5
46|4|65|4|173.95|0
46|5|22|2|35.30|0
47|1|60|1|108.60|0
47|2|33|2|916.67|0
47|3|12|1|137.61|0
48|1|22|1|33.53|5
48|2|33|5|916.67|0
48|3|10|3|54.08|0
48|4|65|1|173.95|0
49|1|25|1|56.61|0
49|2|53|2|510.51|0
49|3|63|4|142.38|20
50|1|43|1|351.04|10
50|2|79|2|111.71|0
51|1|80|2|112.72|0
51|2|40|4|310.10|0
51|3|24|3|22.81|0
51|4|67|3|63.85|0
51|5|11|2|268.79|0
52|1|39|4|153.15|15
52|2|29|2|11.38|0
52|3|49|1|336.41|15
52|4|64|3|122.05|5
52|5|69|4|203.22|0
52|6|37|5|290.89|0
52|7|9|1|41.66|0
53|1|37|1|290.89|0
53|2|33|4|779.17|15
54|1|49|1|395.78|0
55|1|19|1|379.68|0
56|1|13|1|289.46|20
57|1|43|1|390.04|0
57|2|77|1|62.44|0
57|3|7|1|75.28|5
58|1|47|1|496.81|0
58|2|20|4|45.32|0
58|3|3|4|148.69|0
58|4|14|1|181.04|5
59|1|39|1|180.18|0
60|1|8|1|52.69|0
60|2|38|2|1197.42|5
60|3|25|6|56.61|0
60|4|44|2|73.28|0
61|1|34|4|1042.04|0
62|1|38|2|1260.44|0
62|2|34|1|885.73|15
62|3|59|2|627.12|0
62|4|63|3|177.97|0
62|5|23|1|13.35|15
62|6|56|1|842.57|0
63|1|17|2|288.88|5
63|2|21|2|30.65|25
63|3|65|1|173.95|0
63|4|48|1|253.47|15
63|5|24|2|22.81|0
63|6|28|1|42.72|5
63|7|23|4|15.70|0
64|1|67|2|63.85|0
64|2|69|2|193.06|5
64|3|71|1|186.94|15
65|1|76|1|137.45|25
65|2|19|1|379.68|0
66|1|4|1|39.44|0
66|2|69|1|203.22|0
66|3|54|3|657.90|0
67|1|12|4|123.85|10
67|2|14|1|190.57|0
67|3|28|2|44.97|0
67|4|1|2|27.42|0
68|1|76|2|183.27|0
68|2|73|5|194.25|0
69|1|4|1|39.44|0
69|2|10|4|54.08|0
69|3|67|4|54.27|15
70|1|34|2|1042.04|0
70|2|51|2|479.47|0
70|3|5|1|78.05|5
70|4|49|2|395.78|0
70|5|67|2|63.85|0
70|6|74|2|157.11|0
71|1|42|3|52.50|20
71|2|57|1|602.55|15
72|1|48|1|298.20|0
73|1|25|1|56.61|0
73|2|71|6|197.94|10
74|1|4|2|39.44|0
74|2|43|1|390.04|0
74|3|32|1|886.69|0
75|1|47|4|471.97|5
75|2|29|2|11.38|0
75|3|21|1|40.87|0
75|4|4|2|39.44|0
76|1|61|1|366.77|0
76|2|26|1|53.73|0
76|3|1|3|27.42|0
77|1|77|6|56.20|10
77|2|2|4|120.91|0
77|3|44|3|73.28|0
78|1|58|4|720.71|0
78|2|16|4|277.54|0
78|3|50|2|466.35|10
78|4|42|6|65.62|0
79|1|49|3|395.78|0
80|1|52|1|118.36|5
81|1|73|1|194.25|0
81|2|43|2|351.04|10
82|1|4|1|39.44|0
82|2|18|1|193.58|0
83|1|43|1|390.04|0
83|2|75|1|156.27|10
83|3|53|1|510.51|0
83|4|11|6|228.47|15
84|1|25|1|56.61|0
84|2|19|1|379.68|0
85|1|2|1|120.91|0
86|1|52|2|105.90|15
86|2|9|3|41.66|0
86|3|47|2|496.81|0
86|4|8|2|52.69|0
87|1|13|3|307.56|15
87|2|76|1|183.27|0
88|1|16|1|249.79|10
88|2|24|1|22.81|0
89|1|1|1|27.42|0
90|1|25|3|42.46|25
90|2|55|4|66.78|0
90|3|52|2|124.59|0
90|4|22|1|35.30|0
90|5|44|3|65.95|10
91|1|23|2|15.70|0
91|2|41|1|315.72|0
91|3|55|1|56.76|15
91|4|59|4|627.12|0
91|5|5|1|82.16|0
92|1|38|2|1134.40|10
92|2|80|1|112.72|0
93|1|41|5|315.72|0
93|2|46|3|264.10|0
94|1|59|5|595.76|5
94|2|8|1|52.69|0
94|3|43|2|390.04|0
95|1|52|6|124.59|0
95|2|28|2|42.72|5
95|3|56|1|631.93|25
95|4|64|2|102.78|20
96|1|58|2|576.57|20
96|2|36|1|600.54|0
96|3|23|1|15.70|0
96|4|12|2|137.61|0
96|5|28|1|44.97|0
97|1|23|1|15.70|0
98|1|27|1|26.97|0
99|1|65|3|173.95|0
99|2|12|3|137.61|0
99|3|5|1|73.94|10
100|1|52|2|124.59|0
100|2|65|4|165.25|5
100|3|4|3|39.44|0
100|4|20|1|45.32|0
101|1|80|2|112.72|0
101|2|34|1|1042.04|0
102|1|5|2|73.94|10
102|2|15|1|77.82|0
102|3|19|1|379.68|0
103|1|23|4|15.70|0
103|2|64|4|128.47|0
104|1|40|1|310.10|0
104|2|23|1|13.35|15
104|3|64|4|109.20|15
104|4|16|1|277.54|0
104|5|25|1|56.61|0
104|6|65|1|173.95|0
105|1|8|3|52.69|0
106|1|11|1|268.79|0
106|2|44|2|73.28|0
106|3|56|2|758.31|10
107|1|10|3|45.97|15
107|2|77|1|53.07|15
107|3|32|1|886.69|0
107|4|5|1|73.94|10
108|1|27|2|26.97|0
109|1|5|1|78.05|5
109|2|78|1|47.16|0
109|3|10|1|54.08|0
109|4|70|2|344.82|5
109|5|74|2|157.11|0
110|1|23|2|14.91|5
111|1|38|2|1260.44|0
111|2|20|2|38.52|15
112|1|18|1|183.90|5
112|2|65|3|165.25|5
112|3|63|1|177.97|0
112|4|26|2|53.73|0
113|1|8|4|52.69|0
113|2|9|4|41.66|0
113|3|10|3|54.08|0
114|1|69|1|203.22|0
114|2|37|3|290.89|0
114|3|80|2|112.72|0
115|1|7|1|79.24|0
116|1|27|2|24.27|10
116|2|58|2|648.64|10
116|3|56|3|842.57|0
116|4|76|1|183.27|0
117|1|20|1|45.32|0
117|2|6|1|54.40|0
118|1|56|2|716.18|15
118|2|37|3|232.71|20
119|1|28|1|42.72|5
120|1|60|4|108.60|0
120|2|31|1|486.91|15
120|3|50|1|492.26|5
120|4|78|2|47.16|0
121|1|57|1|708.88|0
121|2|15|3|77.82|0
122|1|52|4|124.59|0
122|2|33|2|916.67|0
122|3|72|1|54.44|5
122|4|46|1|264.10|0
123|1|57|3|637.99|10
123|2|74|2|157.11|0
123|3|53|4|433.93|15
123|4|49|1|395.78|0
123|5|56|1|842.57|0
123|6|24|1|22.81|0
124|1|14|4|190.57|0
124|2|11|1|255.35|5
124|3|55|1|66.78|0
124|4|16|1|277.54|0
125|1|17|1|304.08|0
125|2|61|3|366.77|0
125|3|2|4|114.86|5
126|1|9|1|41.66|0
126|2|44|2|73.28|0
127|1|64|2|128.47|0
128|1|43|3|351.04|10
128|2|12|3|137.61|0
128|3|50|4|492.26|5
128|4|14|3|190.57|0
128|5|77|1|62.44|0
128|6|59|2|627.12|0
129|1|35|1|493.52|0
129|2|77|1|62.44|0
130|1|31|1|572.84|0
130|2|18|3|174.22|10
130|3|36|5|600.54|0
130|4|43|1|390.04|0
131|1|80|1|112.72|0
131|2|70|1|362.97|0
131|3|10|1|45.97|15
132|1|36|1|600.54|0
132|2|46|2|264.10|0
133|1|1|6|27.42|0
133|2|33|1|916.67|0
133|3|39|3|171.17|5
133|4|9|1|41.66|0
133|5|75|4|173.63|0
134|1|80|1|107.08|5
134|2|1|1|23.31|15
134|3|17|3|304.08|0
134|4|74|1|157.11|0
135|1|64|1|128.47|0
135|2|38|5|1071.37|15
135|3|18|2|183.90|5
135|4|12|2|110.09|20
135|5|40|1|294.60|5
136|1|32|1|886.69|0
137|1|56|3|631.93|25
138|1|56|1|842.57|0
138|2|64|1|128.47|0
138|3|76|2|183.27|0
138|4|29|1|11.38|0
139|1|75|1|173.63|0
140|1|6|1|46.24|15
140|2|40|5|310.10|0
140|3|18|2|193.58|0
141|1|77|4|62.44|0
141|2|54|3|657.90|0
141|3|7|1|79.24|0
141|4|48|2|298.20|0
142|1|30|2|38.30|0
143|1|29|1|11.38|0
143|2|27|3|24.27|10
143|3|15|4|77.82|0
143|4|14|2|190.57|0
143|5|59|2|627.12|0
144|1|38|1|1260.44|0
144|2|65|3|165.25|5
144|3|76|1|183.27|0
145|1|17|1|304.08|0
145|2|16|1|277.54|0
145|3|65|1|173.95|0
146|1|18|1|164.54|15
146|2|12|2|137.61|0
147|1|38|1|1260.44|0
147|2|16|1|277.54|0
147|3|44|2|58.62|20
147|4|80|1|95.81|15
148|1|9|2|37.49|10
148|2|48|2|298.20|0
148|3|23|1|15.70|0
149|1|23|5|15.70|0
149|2|20|1|45.32|0
149|3|9|1|41.66|0
149|4|68|2|196.96|0
149|5|7|1|79.24|0
149|6|62|2|381.51|0
149|7|32|3|886.69|0
150|1|38|5|1260.44|0
150|2|56|1|716.18|15
151|1|58|2|720.71|0
152|1|62|1|286.13|25
152|2|72|2|57.31|0
153|1|12|1|116.97|15
153|2|21|1|40.87|0
153|3|46|1|250.90|5
154|1|48|1|298.20|0
155|1|15|1|77.82|0
155|2|70|4|290.38|20
155|3|18|1|193.58|0
156|1|12|1|130.73|5
157|1|72|6|57.31|0
157|2|17|1|304.08|0
157|3|24|1|22.81|0
158|1|59|1|595.76|5
158|2|7|1|75.28|5
158|3|56|6|842.57|0
158|4|77|3|53.07|15
159|1|44|1|73.28|0
159|2|24|3|22.81|0
160|1|42|4|65.62|0
161|1|18|1|154.86|20
161|2|56|2|842.57|0
161|3|60|2|108.60|0
161|4|63|5|169.07|5
161|5|23|3|15.70|0
162|1|50|2|518.17|0
162|2|80|5|112.72|0
162|3|21|1|40.87|0
163|1|71|3|219.93|0
163|2|23|1|15.70|0
163|3|66|1|132.54|10
163|4|25|1|56.61|0
164|1|36|4|600.54|0
165|1|18|1|183.90|5
165|2|44|2|58.62|20
165|3|17|1|304.08|0
165|4|69|3|203.22|0
165|5|28|3|44.97|0
165|6|20|1|45.32|0
166|1|50|4|518.17|0
166|2|10|2|43.26|20
166|3|39|1|180.18|0
167|1|28|6|35.98|20
168|1|61|2|366.77|0
168|2|31|2|572.84|0
168|3|5|1|61.62|25
168|4|42|1|52.50|20
168|5|39|4|180.18|0
169|1|56|1|842.57|0
169|2|60|4|108.60|0
169|3|52|1|118.36|5
169|4|67|3|63.85|0
169|5|40|4|294.60|5
170|1|5|3|82.16|0
170|2|62|3|381.51|0
170|3|60|2|81.45|25
170|4|40|1|310.10|0
171|1|60|1|97.74|10
171|2|32|1|798.02|10
171|3|47|1|496.81|0
172|1|26|3|53.73|0
173|1|6|1|54.40|0
173|2|47|1|496.81|0
173|3|11|3|241.91|10
174|1|23|1|14.13|10
174|2|80|1|112.72|0
175|1|2|2|120.91|0
176|1|77|1|53.07|15
176|2|40|4|232.57|25
176|3|34|1|1042.04|0
177|1|20|1|45.32|0
177|2|27|2|21.58|20
177|3|15|4|77.82|0
178|1|75|4|164.95|5
178|2|8|1|39.52|25
179|1|49|1|395.78|0
180|1|7|3|79.24|0
180|2|54|1|657.90|0
181|1|79|5|111.71|0
181|2|76|1|164.94|10
181|3|46|2|237.69|10
181|4|36|1|600.54|0
181|5|63|1|177.97|0
181|6|14|1|190.57|0
182|1|56|4|842.57|0
182|2|63|5|169.07|5
183|1|75|3|156.27|10
183|2|9|2|39.58|5
184|1|54|2|657.90|0
185|1|4|2|39.44|0
185|2|13|1|361.83|0
186|1|12|4|137.61|0
186|2|77|4|62.44|0
186|3|68|2|187.11|5
187|1|25|1|56.61|0
187|2|13|2|361.83|0
187|3|47|5|496.81|0
187|4|74|2|141.40|10
187|5|75|2|164.95|5
187|6|16|2|277.54|0
187|7|6|1|54.40|0
187|8|24|3|22.81|0
188|1|66|2|147.27|0
188|2|43|1|390.04|0
188|3|45|4|83.72|0
188|4|61|1|366.77|0
188|5|9|2|41.66|0
189|1|52|1|124.59|0
189|2|8|1|52.69|0
190|1|54|1|625.00|5
190|2|50|1|440.44|15
191|1|69|1|203.22|0
191|2|3|5|148.69|0
192|1|79|1|111.71|0
192|2|45|3|83.72|0
192|3|32|1|798.02|10
192|4|76|2|183.27|0
192|5|42|3|65.62|0
193|1|36|1|600.54|0
193|2|20|2|45.32|0
193|3|8|5|52.69|0
194|1|78|1|47.16|0
195|1|49|2|395.78|0
195|2|21|2|40.87|0
196|1|2|2|120.91|0
196|2|13|3|361.83|0
197|1|56|5|842.57|0
198|1|32|1|886.69|0
198|2|80|1|112.72|0
198|3|25|2|56.61|0
198|4|74|1|125.69|20
199|1|2|1|120.91|0
200|1|79|1|94.95|15
200|2|63|1|177.97|0
200|3|27|2|26.97|0
201|1|15|3|77.82|0
201|2|42|2|65.62|0
201|3|72|2|54.44|5
201|4|11|1|255.35|5
202|1|45|1|71.16|15
202|2|47|1|496.81|0
202|3|8|1|52.69|0
203|1|45|2|83.72|0
203|2|3|4|148.69|0
203|3|52|2|124.59|0
204|1|20|2|43.05|5
204|2|17|3|258.47|15
204|3|41|1|315.72|0
204|4|7|3|79.24|0
204|5|76|1|183.27|0
205|1|8|1|52.69|0
205|2|77|6|62.44|0
205|3|69|2|193.06|5
206|1|77|3|62.44|0
207|1|12|3|137.61|0
207|2|79|3|111.71|0
207|3|43|2|312.03|20
208|1|66|1|147.27|0
208|2|55|5|66.78|0
209|1|76|1|164.94|10
210|1|77|4|56.20|10
210|2|44|4|73.28|0
210|3|7|1|79.24|0
211|1|75|4|173.63|0
211|2|25|1|53.78|5
211|3|1|2|23.31|15
212|1|55|1|56.76|15
212|2|26|5|53.73|0
212|3|31|3|515.56|10
213|1|8|1|47.42|10
214|1|2|1|120.91|0
214|2|33|2|916.67|0
215|1|63|1|177.97|0
215|2|6|2|54.40|0
215|3|37|5|290.89|0
215|4|44|2|69.62|5
216|1|60|3|108.60|0
217|1|4|1|39.44|0
217|2|44|1|73.28|0
217|3|42|1|65.62|0
218|1|4|6|39.44|0
218|2|73|5|194.25|0
218|3|77|3|62.44|0
219|1|63|1|133.48|25
219|2|34|1|1042.04|0
219|3|68|3|196.96|0
219|4|17|2|304.08|0
219|5|5|2|82.16|0
220|1|1|3|27.42|0
220|2|80|4|95.81|15
220|3|4|1|39.44|0
220|4|55|3|66.78|0
221|1|66|1|147.27|0
221|2|31|3|572.84|0
222|1|54|1|559.22|15
222|2|27|1|26.97|0
223|1|42|3|65.62|0
223|2|27|2|26.97|0
223|3|51|3|455.50|5
223|4|64|5|122.05|5
223|5|48|5|283.29|5
223|6|25|6|56.61|0
224|1|16|1|277.54|0
224|2|65|1|173.95|0
224|3|52|2|99.67|20
225|1|77|2|62.44|0
226|1|54|1|657.90|0
226|2|40|3|310.10|0
226|3|8|5|52.69|0
226|4|25|2|56.61|0
227|1|33|2|916.67|0
227|2|55|2|66.78|0
228|1|44|3|73.28|0
228|2|61|2|366.77|0
229|1|6|1|54.40|0
229|2|29|1|11.38|0
229|3|20|2|45.32|0
230|1|78|1|47.16|0
230|2|58|1|648.64|10
230|3|24|1|22.81|0
231|1|53|1|510.51|0
232|1|21|1|40.87|0
232|2|59|5|501.70|20
232|3|19|1|322.73|15
233|1|65|1|173.95|0
233|2|39|4|171.17|5
233|3|18|1|193.58|0
233|4|68|4|196.96|0
234|1|5|1|82.16|0
234|2|51|3|479.47|0
234|3|2|1|120.91|0
235|1|76|1|183.27|0
235|2|4|1|39.44|0
235|3|10|3|51.38|5
235|4|73|1|165.11|15
235|5|56|2|842.57|0
235|6|12|2|123.85|10
235|7|29|2|10.81|5
235|8|68|2|196.96|0
236|1|3|2|148.69|0
236|2|48|2|268.38|10
236|3|67|1|63.85|0
237|1|14|5|190.57|0
238|1|62|1|381.51|0
239|1|16|2|235.91|15
239|2|51|2|455.50|5
240|1|15|2|58.36|25
240|2|69|1|203.22|0
241|1|65|1|173.95|0
241|2|52|6|118.36|5
241|3|16|2|277.54|0
241|4|7|1|79.24|0
241|5|21|5|40.87|0
241|6|70|3|326.67|10
241|7|67|4|63.85|0
241|8|1|3|27.42|0
242|1|57|1|673.44|5
243|1|59|3|595.76|5
243|2|69|2|203.22|0
243|3|6|1|54.40|0
244|1|37|1|232.71|20
244|2|12|1|137.61|0
245|1|44|1|73.28|0
245|2|48|1|298.20|0
245|3|19|5|379.68|0
246|1|73|3|194.25|0
247|1|58|6|720.71|0
247|2|30|1|38.30|0
247|3|74|1|125.69|20
247|4|76|2|174.11|5
247|5|8|1|50.06|5
247|6|35|1|493.52|0
247|7|62|1|381.51|0
247|8|7|1|79.24|0
248|1|57|1|708.88|0
248|2|69|4|203.22|0
248|3|79|1|111.71|0
249|1|17|1|304.08|0
250|1|31|1|572.84|0
251|1|47|3|496.81|0
251|2|10|1|54.08|0
251|3|63|3|169.07|5
252|1|76|1|174.11|5
252|2|2|2|96.73|20
252|3|51|2|479.47|0
252|4|27|1|26.97|0
252|5|30|2|38.30|0
253|1|54|3|657.90|0
254|1|45|1|83.72|0
255|1|73|1|145.69|25
255|2|49|1|336.41|15
255|3|7|4|63.39|20
255|4|16|1|277.54|0
256|1|77|1|56.20|10
257|1|74|1|125.69|20
257|2|65|3|173.95|0
257|3|21|1|40.87|0
258|1|18|3|145.19|25
259|1|24|5|22.81|0
260|1|40|1|310.10|0
260|2|27|3|25.62|5
260|3|10|2|54.08|0
260|4|5|2|73.94|10
260|5|12|1|116.97|15
261|1|12|1|137.61|0
262|1|30|2|38.30|0
263|1|69|1|203.22|0
264|1|7|2|79.24|0
265|1|18|1|193.58|0
265|2|64|2|115.62|10
265|3|58|1|720.71|0
265|4|17|2|304.08|0
265|5|80|1|112.72|0
266|1|32|2|886.69|0
267|1|17|1|288.88|5
267|2|11|1|268.79|0
268|1|75|3|173.63|0
268|2|40|1|310.10|0
268|3|62|1|362.43|5
269|1|1|3|27.42|0
269|2|2|1|120.91|0
270|1|39|3|180.18|0
270|2|13|2|361.83|0
271|1|45|5|83.72|0
272|1|67|1|47.89|25
272|2|76|1|174.11|5
272|3|73|3|194.25|0
272|4|11|6|255.35|5
272|5|51|1|431.52|10
273|1|30|2|32.55|15
273|2|36|1|600.54|0
273|3|49|2|336.41|15
273|4|42|2|65.62|0
273|5|21|1|40.87|0
274|1|12|6|137.61|0
274|2|31|2|544.20|5
275|1|15|3|77.82|0
275|2|14|1|190.57|0
275|3|29|5|9.67|15
276|1|3|5|148.69|0
276|2|27|2|26.97|0
276|3|42|2|55.78|15
277|1|21|1|36.78|10
278|1|1|1|26.05|5
278|2|28|1|42.72|5
278|3|53|4|433.93|15
278|4|32|2|886.69|0
278|5|61|4|366.77|0
279|1|31|4|544.20|5
279|2|20|2|45.32|0
279|3|64|1|128.47|0
279|4|51|3|479.47|0
280|1|30|3|32.55|15
281|1|18|1|183.90|5
281|2|41|3|315.72|0
281|3|40|5|310.10|0
282|1|48|2|298.20|0
282|2|19|1|379.68|0
283|1|43|1|390.04|0
284|1|29|1|11.38|0
284|2|47|1|447.13|10
285|1|68|5|196.96|0
286|1|68|1|196.96|0
286|2|33|1|916.67|0
287|1|58|1|720.71|0
287|2|14|3|190.57|0
287|3|51|2|479.47|0
287|4|66|1|147.27|0
288|1|36|1|540.49|10
288|2|63|1|177.97|0
288|3|54|1|657.90|0
288|4|11|5|268.79|0
288|5|56|6|631.93|25
288|6|29|3|11.38|0
288|7|69|1|203.22|0
288|8|7|3|79.24|0
289|1|7|1|79.24|0
289|2|38|2|1008.35|20
289|3|4|1|39.44|0
289|4|19|2|379.68|0
289|5|31|5|515.56|10
290|1|59|1|533.05|15
290|2|12|2|116.97|15
291|1|34|4|1042.04|0
291|2|13|1|361.83|0
291|3|44|1|58.62|20
291|4|77|2|59.32|5
291|5|4|2|35.50|10
291|6|62|2|381.51|0
292|1|37|2|290.89|0
293|1|76|1|174.11|5
294|1|67|2|63.85|0
294|2|21|3|40.87|0
294|3|6|1|54.40|0
294|4|71|2|219.93|0
294|5|18|6|183.90|5
294|6|29|2|11.38|0
294|7|36|6|600.54|0
295|1|56|1|800.44|5
295|2|7|3|79.24|0
296|1|25|3|56.61|0
296|2|70|5|308.52|15
297|1|68|1|187.11|5
297|2|25|4|56.61|0
297|3|49|1|356.20|10
297|4|53|2|459.46|10
298|1|36|1|600.54|0
298|2|42|3|59.06|10
298|3|52|3|124.59|0
298|4|55|1|66.78|0
298|5|51|2|479.47|0
299|1|47|1|397.45|20
299|2|57|4|708.88|0
299|3|1|3|23.31|15
299|4|64|1|109.20|15
300|1|27|3|26.97|0
301|1|5|1|82.16|0
301|2|4|2|37.47|5
301|3|10|3|54.08|0
302|1|33|2|870.84|5
302|2|43|3|370.54|5
302|3|14|2|190.57|0
302|4|35|2|493.52|0
303|1|63|4|177.97|0
303|2|3|2|148.69|0
303|3|49|2|356.20|10
303|4|47|6|372.61|25
303|5|46|1|264.10|0
303|6|69|4|203.22|0
303|7|24|1|22.81|0
304|1|55|2|66.78|0
305|1|10|1|54.08|0
306|1|18|3|193.58|0
306|2|67|1|60.66|5
306|3|17|1|288.88|5
307|1|19|3|379.68|0
307|2|77|2|62.44|0
307|3|17|3|304.08|0
307|4|56|1|842.57|0
307|5|27|4|26.97|0
308|1|54|1|657.90|0
308|2|28|1|44.97|0
308|3|39|3|180.18|0
309|1|26|2|48.36|10
309|2|27|1|26.97|0
309|3|24|2|22.81|0
309|4|37|2|232.71|20
309|5|38|1|1260.44|0
309|6|60|3|103.17|5
309|7|61|4|366.77|0
310|1|47|1|496.81|0
310|2|38|2|1197.42|5
311|1|58|2|684.67|5
312|1|36|3|600.54|0
312|2|9|4|35.41|15
313|1|53|3|484.98|5
313|2|78|3|47.16|0
314|1|63|3|177.97|0
314|2|66|1|147.27|0
314|3|27|2|26.97|0
315|1|3|1|118.95|20
315|2|32|2|886.69|0
316|1|26|1|53.73|0
316|2|31|1|572.84|0
317|1|22|3|35.30|0
317|2|37|4|290.89|0
317|3|24|1|22.81|0
317|4|43|3|390.04|0
317|5|5|1|82.16|0
318|1|30|3|34.47|10
318|2|24|2|20.53|10
318|3|75|2|156.27|10
319|1|53|1|510.51|0
319|2|27|1|26.97|0
320|1|4|2|39.44|0
320|2|78|2|47.16|0
321|1|39|2|180.18|0
322|1|44|3|69.62|5
323|1|28|5|42.72|5
323|2|10|3|51.38|5
324|1|34|1|1042.04|0
325|1|43|1|331.53|15
325|2|77|5|62.44|0
325|3|40|1|310.10|0
326|1|28|4|44.97|0
326|2|35|1|493.52|0
327|1|18|3|193.58|0
327|2|38|1|1071.37|15
328|1|51|6|479.47|0
328|2|56|3|842.57|0
328|3|75|2|173.63|0
329|1|35|1|493.52|0
329|2|3|2|148.69|0
329|3|10|1|54.08|0
329|4|51|2|455.50|5
330|1|68|4|196.96|0
330|2|18|4|193.58|0
331|1|31|4|572.84|0
331|2|44|2|73.28|0
331|3|11|1|268.79|0
332|1|15|1|77.82|0
332|2|28|2|44.97|0
332|3|60|3|86.88|20
333|1|23|1|15.70|0
333|2|40|1|294.60|5
334|1|12|1|123.85|10
334|2|68|6|196.96|0
335|1|23|1|13.35|15
336|1|34|4|1042.04|0
337|1|46|1|198.07|25
337|2|62|1|381.51|0
338|1|44|1|73.28|0
338|2|24|1|22.81|0
338|3|26|1|53.73|0
338|4|61|2|366.77|0
338|5|48|4|298.20|0
339|1|47|1|422.29|15
339|2|42|1|62.34|5
339|3|27|2|20.23|25
340|1|47|5|496.81|0
340|2|68|4|196.96|0
340|3|28|1|44.97|0
341|1|62|2|381.51|0
341|2|77|1|62.44|0
342|1|8|1|52.69|0
342|2|54|2|493.43|25
342|3|26|2|53.73|0
343|1|70|3|326.67|10
343|2|66|1|147.27|0
343|3|19|1|379.68|0
344|1|14|3|171.51|10
344|2|20|4|45.32|0
345|1|14|2|190.57|0
345|2|2|4|120.91|0
345|3|26|1|53.73|0
345|4|43|2|370.54|5
345|5|51|2|359.60|25
345|6|50|2|518.17|0
346|1|20|1|45.32|0
346|2|14|1|181.04|5
346|3|5|1|82.16|0
346|4|49|2|395.78|0
346|5|15|3|66.15|15
346|6|78|4|47.16|0
346|7|11|1|268.79|0
346|8|60|2|108.60|0
347|1|7|4|79.24|0
347|2|80|1|112.72|0
347|3|22|2|35.30|0
347|4|16|5|235.91|15
347|5|6|3|54.40|0
348|1|34|3|833.63|20
348|2|6|4|54.40|0
348|3|42|1|65.62|0
349|1|80|5|112.72|0
350|1|48|6|283.29|5
351|1|50|2|518.17|0
351|2|44|3|73.28|0
351|3|61|1|366.77|0
352|1|29|1|11.38|0
352|2|54|1|657.90|0
352|3|15|1|77.82|0
352|4|78|1|47.16|0
352|5|35|2|419.49|15
353|1|29|3|11.38|0
354|1|74|1|157.11|0
354|2|14|6|161.98|15
355|1|35|2|493.52|0
355|2|32|4|886.69|0
355|3|39|1|144.14|20
355|4|27|2|21.58|20
355|5|72|2|42.98|25
355|6|50|2|440.44|15
356|1|4|4|39.44|0
356|2|61|1|366.77|0
356|3|54|1|559.22|15
357|1|25|1|56.61|0
357|2|33|6|916.67|0
358|1|48|1|298.20|0
358|2|24|2|18.25|20
358|3|64|1|115.62|10
359|1|66|1|147.27|0
360|1|7|4|79.24|0
361|1|46|4|264.10|0
361|2|49|1|296.83|25
361|3|74|1|149.25|5
361|4|27|1|22.92|15
362|1|13|2|361.83|0
362|2|10|2|54.08|0
362|3|60|3|108.60|0
362|4|24|1|22.81|0
362|5|22|1|35.30|0
363|1|31|3|572.84|0
363|2|51|1|479.47|0
364|1|53|1|510.51|0
364|2|44|4|73.28|0
365|1|31|3|572.84|0
365|2|27|4|25.62|5
365|3|45|6|83.72|0
366|1|53|1|484.98|5
366|2|14|3|190.57|0
366|3|73|2|165.11|15
366|4|7|1|79.24|0
367|1|47|1|496.81|0
368|1|34|1|1042.04|0
368|2|50|3|518.17|0
368|3|57|3|708.88|0
369|1|9|5|41.66|0
369|2|35|1|493.52|0
369|3|44|5|58.62|20
369|4|33|1|916.67|0
369|5|22|4|30.00|15
370|1|75|1|173.63|0
370|2|36|2|540.49|10
371|1|37|1|261.80|10
371|2|40|1|310.10|0
371|3|28|2|42.72|5
371|4|27|1|26.97|0
371|5|18|2|193.58|0
371|6|23|2|15.70|0
372|1|58|1|720.71|0
372|2|32|2|886.69|0
373|1|69|1|203.22|0
373|2|27|5|26.97|0
373|3|55|1|53.42|20
374|1|77|3|59.32|5
374|2|58|1|720.71|0
374|3|51|1|431.52|10
374|4|6|2|54.40|0
374|5|14|3|181.04|5
374|6|20|2|45.32|0
375|1|61|2|366.77|0
375|2|4|1|39.44|0
375|3|35|1|468.84|5
375|4|50|4|518.17|0
375|5|56|3|758.31|10
375|6|17|4|304.08|0
375|7|54|1|657.90|0
376|1|2|5|120.91|0
376|2|60|5|108.60|0
376|3|51|1|407.55|15
376|4|80|1|112.72|0
377|1|63|1|177.97|0
377|2|20|2|45.32|0
377|3|65|4|173.95|0
377|4|69|3|203.22|0
377|5|22|1|31.77|10
377|6|73|1|184.54|5
377|7|40|3|279.09|10
378|1|50|1|466.35|10
378|2|55|2|66.78|0
379|1|8|1|52.69|0
379|2|20|5|36.26|20
380|1|27|4|26.97|0
381|1|9|4|41.66|0
381|2|5|1|82.16|0
381|3|52|2|124.59|0
381|4|4|3|33.52|15
382|1|58|1|720.71|0
382|2|34|3|1042.04|0
382|3|74|1|157.11|0
383|1|63|4|160.17|10
383|2|43|2|370.54|5
384|1|24|1|22.81|0
385|1|15|1|77.82|0
386|1|29|1|11.38|0
386|2|61|2|366.77|0
387|1|14|6|190.57|0
387|2|70|1|272.23|25
387|3|43|4|390.04|0
387|4|19|5|379.68|0
388|1|65|1|173.95|0
388|2|16|1|277.54|0
388|3|57|3|708.88|0
389|1|23|4|13.35|15
389|2|52|2|124.59|0
389|3|13|5|361.83|0
390|1|62|2|381.51|0
390|2|50|1|518.17|0
390|3|60|4|108.60|0
390|4|67|1|63.85|0
391|1|72|6|57.31|0
391|2|52|1|112.13|10
392|1|29|2|11.38|0
392|2|59|2|533.05|15
393|1|20|1|40.79|10
393|2|3|5|148.69|0
393|3|42|1|65.62|0
393|4|11|1|255.35|5
393|5|55|1|63.44|5
393|6|34|3|1042.04|0
394|1|28|1|35.98|20
394|2|17|1|228.06|25
394|3|42|1|65.62|0
395|1|43|1|390.04|0
396|1|19|1|379.68|0
396|2|49|1|395.78|0
397|1|60|6|108.60|0
397|2|33|3|870.84|5
398|1|66|2|147.27|0
398|2|25|4|45.29|20
399|1|10|3|40.56|25
399|2|25|1|56.61|0
400|1|17|3|304.08|0
400|2|20|4|45.32|0
401|1|20|1|38.52|15
401|2|69|3|203.22|0
401|3|50|1|518.17|0
402|1|61|1|366.77|0
402|2|14|2|190.57|0
402|3|27|2|26.97|0
402|4|60|1|92.31|15
403|1|40|1|310.10|0
404|1|42|2|65.62|0
405|1|30|1|30.64|20
405|2|2|1|120.91|0
405|3|39|4|180.18|0
406|1|15|3|77.82|0
406|2|43|1|390.04|0
407|1|22|2|35.30|0
407|2|14|1|171.51|10
407|3|36|1|600.54|0
408|1|73|1|194.25|0
408|2|79|1|111.71|0
408|3|2|4|120.91|0
408|4|54|2|657.90|0
408|5|26|1|53.73|0
408|6|24|2|22.81|0
408|7|52|1|124.59|0
409|1|16|1|277.54|0
410|1|37|1|290.89|0
410|2|64|4|128.47|0
410|3|30|2|38.30|0
410|4|36|1|600.54|0
411|1|73|3|194.25|0
411|2|17|3|304.08|0
411|3|8|1|47.42|10
412|1|11|1|268.79|0
413|1|65|3|173.95|0
413|2|70|1|362.97|0
414|1|26|6|53.73|0
415|1|32|1|886.69|0
415|2|15|1|77.82|0
416|1|36|1|600.54|0
416|2|60|2|108.60|0
416|3|49|1|395.78|0
417|1|27|4|26.97|0
417|2|6|2|54.40|0
417|3|46|2|264.10|0
417|4|64|1|115.62|10
417|5|54|1|657.90|0
417|6|59|2|627.12|0
417|7|74|2|149.25|5
418|1|12|2|110.09|20
419|1|49|2|395.78|0
419|2|24|1|18.25|20
419|3|46|1|250.90|5
419|4|26|1|51.04|5
419|5|62|6|381.51|0
420|1|10|4|54.08|0
420|2|13|1|307.56|15
421|1|40|1|294.60|5
422|1|43|2|390.04|0
422|2|78|1|47.16|0
423|1|49|2|395.78|0
423|2|61|3|366.77|0
423|3|31|1|572.84|0
423|4|40|3|279.09|10
424|1|11|1|268.79|0
424|2|18|1|193.58|0
425|1|42|2|59.06|10
425|2|2|3|120.91|0
425|3|12|1|137.61|0
426|1|80|3|84.54|25
427|1|14|4|161.98|15
427|2|57|4|708.88|0
427|3|45|2|83.72|0
427|4|61|2|330.09|10
428|1|73|1|194.25|0
428|2|76|2|183.27|0
428|3|29|1|11.38|0
428|4|70|2|362.97|0
429|1|60|4|108.60|0
429|2|32|1|886.69|0
429|3|21|3|38.83|5
430|1|6|4|54.40|0
430|2|7|1|67.35|15
430|3|30|2|38.30|0
430|4|22|1|35.30|0
430|5|57|2|673.44|5
431|1|14|5|190.57|0
431|2|17|2|288.88|5
431|3|24|2|22.81|0
431|4|58|2|684.67|5
431|5|46|2|264.10|0
432|1|45|1|83.72|0
433|1|40|1|310.10|0
433|2|71|2|208.93|5
433|3|32|1|886.69|0
434|1|4|3|39.44|0
434|2|8|2|50.06|5
434|3|38|2|1260.44|0
435|1|5|1|78.05|5
435|2|9|2|41.66|0
436|1|40|5|294.60|5
436|2|22|1|35.30|0
436|3|23|1|15.70|0
437|1|23|1|15.70|0
438|1|79|1|111.71|0
438|2|31|2|572.84|0
438|3|17|1|304.08|0
439|1|44|3|73.28|0
440|1|78|2|47.16|0
440|2|43|2|390.04|0
440|3|10|1|54.08|0
440|4|54|2|592.11|10
441|1|32|3|753.69|15
441|2|26|5|53.73|0
442|1|58|1|720.71|0
442|2|65|2|173.95|0
442|3|51|6|479.47|0
442|4|68|3|187.11|5
442|5|54|2|657.90|0
442|6|21|3|36.78|10
442|7|64|4|128.47|0
442|8|75|4|173.63|0
443|1|3|2|133.82|10
443|2|56|1|758.31|10
443|3|8|6|52.69|0
444|1|2|1|114.86|5
444|2|68|3|196.96|0
444|3|15|1|62.26|20
445|1|42|2|55.78|15
446|1|22|2|31.77|10
446|2|52|4|99.67|20
446|3|29|1|11.38|0
446|4|79|2|111.71|0
446|5|40|1|310.10|0
447|1|47|3|496.81|0
447|2|61|3|348.43|5
448|1|56|1|842.57|0
449|1|70|2|362.97|0
449|2|54|1|657.90|0
449|3|19|1|379.68|0
449|4|57|4|708.88|0
449|5|56|5|800.44|5
450|1|39|2|180.18|0
451|1|19|1|379.68|0
451|2|49|5|395.78|0
451|3|6|4|54.40|0
452|1|6|2|48.96|10
453|1|22|1|30.00|15
453|2|41|2|315.72|0
453|3|12|2|137.61|0
454|1|26|3|53.73|0
454|2|39|4|180.18|0
455|1|32|2|886.69|0
456|1|46|1|264.10|0
456|2|36|4|600.54|0
457|1|65|2|165.25|5
457|2|17|1|273.67|10
458|1|12|1|137.61|0
458|2|54|1|657.90|0
459|1|68|1|196.96|0
459|2|3|1|148.69|0
459|3|30|3|36.38|5
460|1|77|5|62.44|0
460|2|9|2|41.66|0
460|3|71|1|219.93|0
461|1|16|2|277.54|0
462|1|4|2|39.44|0
462|2|20|4|40.79|10
463|1|1|4|27.42|0
464|1|25|1|53.78|5
465|1|33|2|825.00|10
465|2|76|4|183.27|0
465|3|77|1|46.83|25
465|4|39|2|180.18|0
466|1|54|4|657.90|0
466|2|5|3|82.16|0
467|1|74|1|157.11|0
467|2|48|1|298.20|0
467|3|47|1|397.45|20
467|4|9|6|41.66|0
467|5|12|3|103.21|25
467|6|34|1|1042.04|0
467|7|32|1|886.69|0
468|1|35|2|468.84|5
468|2|52|1|124.59|0
468|3|74|3|157.11|0
468|4|75|1|173.63|0
468|5|49|5|395.78|0
468|6|12|3|137.61|0
469|1|80|3|112.72|0
469|2|54|2|526.32|20
469|3|49|3|375.99|5
469|4|32|3|886.69|0
470|1|7|2|67.35|15
471|1|74|1|157.11|0
471|2|34|1|1042.04|0
471|3|33|2|916.67|0
471|4|43|2|390.04|0
471|5|39|4|180.18|0
471|6|26|4|53.73|0
472|1|7|2|79.24|0
472|2|56|1|842.57|0
472|3|47|3|496.81|0
472|4|25|4|56.61|0
473|1|43|1|370.54|5
473|2|57|1|708.88|0
474|1|48|3|298.20|0
474|2|56|6|842.57|0
474|3|46|2|264.10|0
475|1|20|2|43.05|5
475|2|8|4|50.06|5
475|3|28|3|44.97|0
476|1|44|1|73.28|0
476|2|26|1|42.98|20
476|3|72|2|57.31|0
477|1|28|2|44.97|0
477|2|69|2|203.22|0
477|3|6|1|54.40|0
477|4|5|4|82.16|0
478|1|65|3|173.95|0
479|1|15|1|66.15|15
479|2|12|2|137.61|0
480|1|53|3|484.98|5
481|1|31|1|515.56|10
481|2|60|3|108.60|0
481|3|62|5|381.51|0
482|1|50|5|466.35|10
482|2|64|1|128.47|0
482|3|18|1|193.58|0
483|1|72|2|57.31|0
483|2|62|1|381.51|0
484|1|21|1|40.87|0
485|1|18|3|193.58|0
486|1|8|5|39.52|25
487|1|80|1|95.81|15
488|1|53|2|408.41|20
488|2|44|3|73.28|0
489|1|5|1|82.16|0
489|2|24|1|19.39|15
490|1|53|2|510.51|0
491|1|31|1|572.84|0
492|1|24|4|22.81|0
493|1|69|1|203.22|0
493|2|11|1|268.79|0
493|3|50|3|388.63|25
494|1|49|1|395.78|0
495|1|41|2|284.15|10
495|2|69|1|203.22|0
495|3|21|3|34.74|15
495|4|17|4|304.08|0
496|1|1|2|26.05|5
496|2|28|2|38.22|15
497|1|60|1|108.60|0
497|2|35|1|493.52|0
498|1|62|3|381.51|0
499|1|53|1|510.51|0
499|2|13|3|361.83|0
499|3|33|4|687.50|25
499|4|1|2|27.42|0
499|5|63|1|177.97|0
499|6|26|6|45.67|15
500|1|18|5|193.58|0
501|1|9|2|39.58|5
501|2|19|4|379.68|0
501|3|15|2|77.82|0
501|4|73|1|174.82|10
502|1|1|1|27.42|0
502|2|71|2|219.93|0
503|1|3|1|126.39|15
503|2|51|4|407.55|15
503|3|38|3|1260.44|0
503|4|72|2|57.31|0
503|5|49|1|395.78|0
504|1|46|1|264.10|0
504|2|17|1|258.47|15
505|1|41|2|236.79|25
505|2|53|4|510.51|0
505|3|68|6|157.57|20
505|4|7|1|79.24|0
505|5|27|1|24.27|10
505|6|65|6|165.25|5
505|7|12|2|137.61|0
505|8|72|2|57.31|0
506|1|38|6|1260.44|0
506|2|7|1|71.32|10
506|3|3|2|111.52|25
507|1|54|1|657.90|0
507|2|50|1|466.35|10
507|3|66|1|147.27|0
507|4|56|3|674.06|20
507|5|59|4|533.05|15
507|6|27|1|26.97|0
508|1|15|2|77.82|0
508|2|49|2|395.78|0
509|1|57|2|673.44|5
509|2|26|1|53.73|0
509|3|21|3|40.87|0
510|1|2|5|120.91|0
510|2|68|2|167.42|15
510|3|37|2|232.71|20
511|1|26|4|53.73|0
512|1|30|1|36.38|5
512|2|3|1|148.69|0
512|3|59|2|627.12|0
512|4|29|1|11.38|0
513|1|76|1|174.11|5
513|2|80|4|112.72|0
513|3|11|1|201.59|25
514|1|48|5|298.20|0
514|2|2|3|120.91|0
514|3|47|1|496.81|0
514|4|15|2|77.82|0
514|5|19|5|379.68|0
514|6|45|1|83.72|0
514|7|68|2|196.96|0
515|1|4|4|35.50|10
516|1|15|2|77.82|0
517|1|35|1|444.17|10
517|2|71|2|208.93|5
518|1|62|6|362.43|5
518|2|67|1|63.85|0
518|3|18|3|145.19|25
519|1|19|3|379.68|0
519|2|1|5|27.42|0
520|1|38|6|1260.44|0
520|2|75|2|173.63|0
521|1|52|2|105.90|15
521|2|70|1|362.97|0
521|3|12|3|137.61|0
521|4|77|1|62.44|0
521|5|43|1|390.04|0
521|6|14|3|190.57|0
521|7|65|2|173.95|0
521|8|44|1|73.28|0
522|1|11|1|268.79|0
522|2|45|4|83.72|0
522|3|16|1|277.54|0
523|1|33|1|870.84|5
523|2|15|4|66.15|15
523|3|73|1|194.25|0
523|4|54|3|657.90|0
523|5|4|2|33.52|15
524|1|76|1|164.94|10
524|2|53|1|408.41|20
524|3|44|2|73.28|0
524|4|19|1|379.68|0
524|5|63|5|177.97|0
525|1|18|1|193.58|0
525|2|39|5|180.18|0
526|1|6|1|51.68|5
526|2|43|1|351.04|10
526|3|13|1|361.83|0
526|4|76|2|183.27|0
526|5|38|1|1260.44|0
526|6|7|1|79.24|0
527|1|41|1|315.72|0
528|1|69|3|203.22|0
528|2|24|3|21.67|5
529|1|76|1|183.27|0
530|1|64|1|115.62|10
531|1|36|3|450.40|25
531|2|15|1|77.82|0
531|3|69|2|203.22|0
531|4|49|5|375.99|5
532|1|43|1|390.04|0
532|2|45|1|83.72|0
532|3|78|1|42.44|10
532|4|36|3|600.54|0
532|5|53|1|433.93|15
533|1|62|2|305.21|20
534|1|41|1|315.72|0
534|2|68|1|196.96|0
534|3|11|1|255.35|5
534|4|14|2|190.57|0
535|1|60|2|103.17|5
535|2|52|1|93.44|25
535|3|55|2|66.78|0
535|4|21|1|40.87|0
535|5|13|1|325.65|10
536|1|78|1|47.16|0
537|1|41|1|315.72|0
537|2|59|1|627.12|0
538|1|18|1|193.58|0
538|2|5|1|82.16|0
538|3|30|1|32.55|15
538|4|69|3|203.22|0
539|1|44|2|73.28|0
539|2|56|1|842.57|0
539|3|48|2|298.20|0
539|4|23|2|15.70|0
539|5|50|1|518.17|0
540|1|56|1|842.57|0
541|1|41|1|315.72|0
541|2|53|2|459.46|10
542|1|42|1|65.62|0
542|2|77|2|53.07|15
542|3|12|6|137.61|0
543|1|68|3|196.96|0
543|2|3|3|148.69|0
543|3|54|1|657.90|0
543|4|14|1|190.57|0
544|1|7|3|71.32|10
544|2|20|5|45.32|0
545|1|14|6|190.57|0
545|2|7|6|79.24|0
546|1|64|1|128.47|0
546|2|68|1|147.72|25
547|1|27|1|21.58|20
547|2|43|1|292.53|25
548|1|44|2|58.62|20
548|2|67|4|63.85|0
549|1|57|3|708.88|0
550|1|76|1|183.27|0
550|2|72|4|57.31|0
550|3|69|1|193.06|5
551|1|43|1|390.04|0
551|2|77|1|62.44|0
551|3|73|1|184.54|5
552|1|59|3|627.12|0
552|2|58|3|720.71|0
552|3|29|1|11.38|0
553|1|28|2|44.97|0
554|1|32|1|798.02|10
554|2|73|2|194.25|0
555|1|5|6|82.16|0
555|2|77|2|56.20|10
555|3|48|1|253.47|15
555|4|50|1|518.17|0
555|5|68|1|196.96|0
556|1|30|1|30.64|20
557|1|67|1|63.85|0
557|2|8|1|52.69|0
557|3|46|1|264.10|0
557|4|28|1|44.97|0
557|5|74|3|157.11|0
558|1|64|1|122.05|5
559|1|54|3|657.90|0
559|2|27|1|26.97|0
560|1|53|1|510.51|0
560|2|61|3|366.77|0
560|3|66|1|147.27|0
560|4|51|1|383.58|20
561|1|65|4|173.95|0
561|2|30|1|38.30|0
562|1|19|5|379.68|0
562|2|16|2|277.54|0
563|1|43|3|312.03|20
563|2|71|1|219.93|0
564|1|50|2|518.17|0
565|1|50|2|518.17|0
565|2|80|1|90.18|20
565|3|45|1|83.72|0
565|4|74|1|157.11|0
566|1|21|3|40.87|0
566|2|45|1|75.35|10
566|3|62|3|381.51|0
567|1|5|3|82.16|0
567|2|4|1|39.44|0
567|3|59|2|627.12|0
567|4|66|2|147.27|0
568|1|27|2|25.62|5
568|2|50|2|518.17|0
569|1|31|1|572.84|0
569|2|44|1|69.62|5
570|1|2|2|120.91|0
570|2|38|2|1260.44|0
571|1|45|3|83.72|0
572|1|57|3|708.88|0
572|2|78|3|47.16|0
573|1|35|1|493.52|0
573|2|42|3|65.62|0
574|1|12|5|130.73|5
574|2|34|4|1042.04|0
574|3|60|2|108.60|0
575|1|54|1|625.00|5
575|2|37|1|290.89|0
576|1|78|1|47.16|0
576|2|35|2|444.17|10
576|3|67|3|60.66|5
576|4|76|1|183.27|0
576|5|32|3|709.35|20
576|6|72|2|57.31|0
576|7|62|1|381.51|0
576|8|50|6|518.17|0
577|1|41|1|315.72|0
578|1|1|3|27.42|0
578|2|40|5|310.10|0
578|3|27|3|26.97|0
579|1|46|2|250.90|5
580|1|38|1|1197.42|5
580|2|18|1|183.90|5
581|1|43|3|390.04|0
582|1|60|3|108.60|0
582|2|27|2|26.97|0
583|1|32|5|886.69|0
583|2|38|1|1260.44|0
583|3|63|1|177.97|0
583|4|69|1|203.22|0
584|1|29|2|11.38|0
585|1|80|3|112.72|0
585|2|74|6|157.11|0
585|3|7|6|59.43|25
585|4|68|4|196.96|0
585|5|9|2|41.66|0
586|1|48|2|253.47|15
586|2|47|4|447.13|10
586|3|6|2|54.40|0
587|1|35|3|493.52|0
587|2|58|1|648.64|10
587|3|47|2|496.81|0
588|1|39|1|162.16|10
588|2|22|4|35.30|0
588|3|73|1|194.25|0
588|4|49|1|395.78|0
588|5|42|1|55.78|15
588|6|58|2|720.71|0
588|7|53|1|433.93|15
589|1|23|1|15.70|0
589|2|13|1|361.83|0
589|3|24|1|22.81|0
590|1|22|1|35.30|0
590|2|20|2|45.32|0
590|3|60|1|108.60|0
590|4|16|1|222.03|20
591|1|12|4|137.61|0
591|2|14|4|171.51|10
591|3|6|4|51.68|5
592|1|54|2|625.00|5
592|2|21|2|40.87|0
592|3|49|1|336.41|15
593|1|21|3|40.87|0
594|1|54|4|592.11|10
594|2|80|1|101.45|10
594|3|59|5|501.70|20
594|4|45|1|83.72|0
595|1|34|1|1042.04|0
595|2|5|1|82.16|0
596|1|64|1|128.47|0
597|1|51|4|479.47|0
597|2|22|4|33.53|5
598|1|22|3|35.30|0
599|1|35|1|444.17|10
600|1|36|2|450.40|25
600|2|26|1|53.73|0
600|3|57|3|708.88|0
600|4|50|4|440.44|15
600|5|47|6|496.81|0
600|6|7|1|75.28|5
601|1|2|3|114.86|5
601|2|56|5|842.57|0
602|1|68|1|196.96|0
602|2|29|1|11.38|0
603|1|53|2|510.51|0
603|2|29|1|11.38|0
604|1|80|1|95.81|15
604|2|3|1|133.82|10
604|3|68|2|196.96|0
605|1|11|1|268.79|0
606|1|27|1|26.97|0
606|2|80|1|95.81|15
607|1|22|5|35.30|0
608|1|10|3|54.08|0
608|2|15|2|66.15|15
609|1|57|5|708.88|0
609|2|44|2|62.29|15
609|3|20|1|45.32|0
610|1|6|2|51.68|5
610|2|74|2|157.11|0
611|1|65|1|173.95|0
611|2|11|1|268.79|0
611|3|19|1|379.68|0
611|4|4|2|35.50|10
612|1|13|6|307.56|15
612|2|45|1|83.72|0
612|3|34|1|1042.04|0
613|1|67|1|63.85|0
613|2|56|1|842.57|0
614|1|2|1|120.91|0
614|2|46|6|264.10|0
615|1|20|1|45.32|0
615|2|34|2|1042.04|0
615|3|61|1|366.77|0
616|1|76|3|174.11|5
616|2|62|1|381.51|0
616|3|10|2|54.08|0
616|4|68|6|196.96|0
617|1|72|2|57.31|0
617|2|2|1|120.91|0
618|1|2|3|120.91|0
618|2|66|3|110.45|25
618|3|7|1|79.24|0
618|4|6|1|54.40|0
619|1|14|2|190.57|0
619|2|11|1|268.79|0
620|1|76|2|183.27|0
620|2|47|2|422.29|15
620|3|14|6|181.04|5
620|4|40|1|232.57|25
620|5|28|5|44.97|0
621|1|21|1|34.74|15
621|2|73|1|194.25|0
622|1|45|1|75.35|10
623|1|80|1|112.72|0
623|2|57|1|708.88|0
624|1|17|1|304.08|0
625|1|57|2|602.55|15
625|2|41|3|315.72|0
625|3|21|2|40.87|0
625|4|33|1|916.67|0
625|5|44|1|62.29|15
625|6|80|4|112.72|0
626|1|57|1|637.99|10
627|1|47|3|447.13|10
627|2|20|3|38.52|15
627|3|57|1|708.88|0
628|1|56|1|842.57|0
628|2|75|1|173.63|0
628|3|3|1|148.69|0
628|4|62|2|381.51|0
629|1|10|1|48.67|10
630|1|20|2|38.52|15
630|2|59|2|627.12|0
631|1|49|2|395.78|0
632|1|31|1|544.20|5
632|2|80|4|112.72|0
632|3|63|2|169.07|5
633|1|28|6|42.72|5
633|2|31|1|572.84|0
633|3|20|3|45.32|0
633|4|14|2|190.57|0
633|5|70|3|272.23|25
634|1|6|1|46.24|15
634|2|28|2|44.97|0
634|3|48|3|298.20|0
634|4|80|6|112.72|0
634|5|59|1|627.12|0
635|1|25|2|56.61|0
636|1|72|4|57.31|0
637|1|31|5|544.20|5
637|2|26|1|40.30|25
637|3|37|2|290.89|0
637|4|28|6|44.97|0
638|1|31|3|544.20|5
638|2|14|1|181.04|5
639|1|43|2|390.04|0
639|2|9|3|41.66|0
639|3|21|2|38.83|5
639|4|57|2|708.88|0
639|5|65|6|130.46|25
640|1|49|3|395.78|0
640|2|53|1|382.88|25
640|3|14|3|181.04|5
640|4|12|3|103.21|25
641|1|77|1|53.07|15
642|1|67|3|63.85|0
643|1|21|1|40.87|0
644|1|75|4|173.63|0
644|2|71|1|219.93|0
644|3|21|1|40.87|0
644|4|19|1|360.70|5
645|1|71|1|219.93|0
645|2|46|1|237.69|10
646|1|53|1|484.98|5
646|2|34|1|989.94|5
646|3|51|1|431.52|10
646|4|17|1|304.08|0
647|1|65|1|165.25|5
647|2|62|2|381.51|0
647|3|78|1|42.44|10
647|4|10|1|54.08|0
648|1|77|2|59.32|5
648|2|59|6|627.12|0
649|1|80|3|112.72|0
649|2|16|6|277.54|0
650|1|73|2|174.82|10
651|1|56|2|842.57|0
652|1|50|1|414.54|20
653|1|59|2|533.05|15
653|2|73|1|194.25|0
653|3|57|6|708.88|0
653|4|14|1|190.57|0
653|5|15|2|77.82|0
654|1|39|5|180.18|0
655|1|18|3|193.58|0
656|1|54|1|657.90|0
656|2|49|2|395.78|0
656|3|55|2|66.78|0
657|1|67|2|63.85|0
657|2|30|2|38.30|0
657|3|57|2|708.88|0
657|4|56|2|842.57|0
657|5|14|2|190.57|0
657|6|36|3|600.54|0
657|7|70|1|362.97|0
658|1|1|2|21.94|20
659|1|75|1|173.63|0
659|2|55|4|66.78|0
659|3|56|2|716.18|15
660|1|50|1|518.17|0
660|2|15|2|62.26|20
660|3|10|3|45.97|15
660|4|23|3|15.70|0
660|5|56|1|842.57|0
660|6|49|1|336.41|15
661|1|67|1|63.85|0
661|2|42|1|65.62|0
662|1|70|1|362.97|0
662|2|31|1|572.84|0
663|1|75|2|173.63|0
663|2|24|3|19.39|15
664|1|50|3|440.44|15
664|2|73|2|165.11|15
665|1|35|1|444.17|10
665|2|67|3|63.85|0
666|1|30|2|38.30|0
666|2|17|1|243.26|20
666|3|4|2|29.58|25
666|4|14|2|190.57|0
666|5|6|1|54.40|0
667|1|23|1|14.13|10
667|2|54|3|657.90|0
667|3|2|1|120.91|0
667|4|31|2|572.84|0
667|5|79|6|111.71|0
667|6|65|5|165.25|5
668|1|73|1|194.25|0
668|2|56|2|800.44|5
669|1|80|1|107.08|5
669|2|36|2|600.54|0
669|3|44|2|73.28|0
669|4|32|1|798.02|10
670|1|52|1|124.59|0
670|2|77|1|62.44|0
671|1|14|1|142.93|25
671|2|32|1|886.69|0
672|1|47|2|496.81|0
673|1|1|1|27.42|0
673|2|20|2|45.32|0
674|1|78|2|47.16|0
674|2|61|2|366.77|0
674|3|48|3|298.20|0
674|4|77|1|62.44|0
674|5|34|3|1042.04|0
675|1|45|2|83.72|0
675|2|41|3|315.72|0
675|3|25|1|56.61|0
675|4|29|1|11.38|0
675|5|59|2|627.12|0
675|6|57|2|637.99|10
676|1|49|3|336.41|15
676|2|21|3|40.87|0
677|1|18|1|193.58|0
677|2|49|1|395.78|0
678|1|68|2|167.42|15
678|2|60|1|108.60|0
679|1|52|2|112.13|10
679|2|67|2|47.89|25
680|1|59|2|627.12|0
681|1|43|1|390.04|0
681|2|13|2|361.83|0
681|3|62|1|381.51|0
681|4|45|5|83.72|0
682|1|22|2|35.30|0
682|2|36|3|510.46|15
683|1|36|3|450.40|25
683|2|38|2|945.33|25
684|1|71|2|197.94|10
684|2|70|2|362.97|0
685|1|43|2|390.04|0
685|2|48|1|298.20|0
686|1|17|2|304.08|0
686|2|22|1|35.30|0
687|1|56|1|674.06|20
688|1|32|2|753.69|15
688|2|24|4|22.81|0
688|3|5|2|82.16|0
688|4|28|2|38.22|15
688|5|39|1|180.18|0
688|6|18|1|193.58|0
688|7|19|1|379.68|0
689|1|73|1|194.25|0
689|2|47|2|496.81|0
690|1|39|1|180.18|0
690|2|38|2|1071.37|15
690|3|66|1|147.27|0
691|1|53|2|510.51|0
692|1|75|4|173.63|0
692|2|4|5|29.58|25
692|3|5|1|73.94|10
692|4|3|3|118.95|20
692|5|55|1|66.78|0
693|1|76|1|183.27|0
693|2|49|1|296.83|25
694|1|60|2|108.60|0
695|1|32|2|886.69|0
695|2|29|2|11.38|0
695|3|78|1|37.73|20
696|1|45|4|83.72|0
696|2|42|6|65.62|0
696|3|3|3|141.26|5
697|1|3|2|148.69|0
697|2|38|2|1260.44|0
697|3|73|2|155.40|20
698|1|12|2|137.61|0
699|1|32|3|886.69|0
699|2|52|1|124.59|0
700|1|36|4|510.46|15
700|2|43|1|390.04|0
701|1|73|3|184.54|5
701|2|39|1|171.17|5
701|3|31|4|515.56|10
701|4|69|3|203.22|0
702|1|39|3|180.18|0
702|2|2|4|120.91|0
703|1|24|1|21.67|5
703|2|37|2|290.89|0
703|3|47|2|447.13|10
704|1|27|1|26.97|0
704|2|30|1|36.38|5
704|3|10|1|43.26|20
705|1|51|2|479.47|0
705|2|20|3|38.52|15
706|1|34|1|885.73|15
706|2|17|1|228.06|25
707|1|70|1|362.97|0
708|1|22|6|33.53|5
708|2|36|2|570.51|5
709|1|56|1|842.57|0
709|2|23|3|14.91|5
709|3|43|1|390.04|0
710|1|37|2|247.26|15
710|2|2|5|120.91|0
710|3|73|4|174.82|10
710|4|78|4|47.16|0
711|1|12|5|110.09|20
711|2|6|6|54.40|0
711|3|8|1|52.69|0
712|1|73|2|194.25|0
712|2|31|3|572.84|0
713|1|16|5|277.54|0
714|1|37|1|247.26|15
714|2|11|1|241.91|10
715|1|51|1|455.50|5
716|1|35|2|493.52|0
716|2|66|3|125.18|15
716|3|75|1|173.63|0
716|4|12|3|137.61|0
717|1|69|2|182.90|10
717|2|41|5|315.72|0
717|3|60|3|108.60|0
717|4|7|1|79.24|0
717|5|72|5|51.58|10
717|6|51|2|479.47|0
717|7|22|1|35.30|0
717|8|70|1|362.97|0
718|1|45|2|83.72|0
718|2|68|3|167.42|15
718|3|73|1|194.25|0
718|4|31|1|572.84|0
719|1|19|4|379.68|0
719|2|80|2|112.72|0
719|3|37|2|290.89|0
720|1|16|1|235.91|15
720|2|6|2|46.24|15
720|3|79|6|111.71|0
721|1|26|1|48.36|10
721|2|59|2|533.05|15
722|1|37|1|290.89|0
722|2|28|1|44.97|0
723|1|24|1|22.81|0
723|2|64|3|128.47|0
723|3|14|2|190.57|0
724|1|75|6|164.95|5
724|2|21|1|40.87|0
724|3|56|2|842.57|0
724|4|26|2|53.73|0
724|5|71|1|219.93|0
725|1|26|2|48.36|10
725|2|34|3|937.84|10
725|3|24|1|22.81|0
725|4|33|2|916.67|0
725|5|67|2|63.85|0
725|6|70|1|362.97|0
726|1|61|1|366.77|0
726|2|32|1|886.69|0
726|3|73|1|174.82|10
726|4|71|2|219.93|0
726|5|47|3|496.81|0
726|6|25|3|56.61|0
727|1|49|2|296.83|25
727|2|65|3|165.25|5
727|3|4|3|37.47|5
727|4|29|1|11.38|0
728|1|6|1|54.40|0
728|2|61|1|366.77|0
728|3|29|1|11.38|0
728|4|27|2|26.97|0
728|5|49|1|395.78|0
729|1|44|2|73.28|0
730|1|39|1|180.18|0
730|2|9|3|41.66|0
730|3|32|4|886.69|0
730|4|28|1|40.47|10
730|5|51|1|479.47|0
730|6|44|2|73.28|0
730|7|49|1|375.99|5
731|1|70|5|362.97|0
732|1|45|1|83.72|0
732|2|18|1|193.58|0
733|1|55|1|53.42|20
733|2|58|5|720.71|0
734|1|69|1|203.22|0
734|2|23|3|15.70|0
734|3|33|2|916.67|0
734|4|75|2|173.63|0
734|5|34|2|1042.04|0
734|6|37|5|290.89|0
735|1|76|3|183.27|0
735|2|19|2|379.68|0
735|3|51|6|479.47|0
735|4|78|1|47.16|0
736|1|72|1|57.31|0
736|2|32|2|886.69|0
736|3|75|1|138.90|20
736|4|77|3|53.07|15
736|5|61|1|330.09|10
736|6|14|1|190.57|0
737|1|72|2|57.31|0
737|2|44|1|73.28|0
738|1|24|1|22.81|0
738|2|32|1|886.69|0
739|1|52|1|124.59|0
739|2|63|4|177.97|0
739|3|2|1|120.91|0
740|1|52|2|112.13|10
740|2|2|2|120.91|0
740|3|54|6|657.90|0
740|4|56|1|842.57|0
740|5|80|2|112.72|0
740|6|37|3|290.89|0
741|1|37|6|290.89|0
741|2|61|3|366.77|0
741|3|79|1|106.12|5
741|4|44|3|73.28|0
741|5|11|4|241.91|10
742|1|23|2|14.91|5
742|2|71|2|219.93|0
742|3|49|1|395.78|0
742|4|58|1|720.71|0
743|1|39|1|180.18|0
743|2|36|2|600.54|0
744|1|79|1|111.71|0
744|2|23|1|13.35|15
745|1|17|3|243.26|20
746|1|58|2|720.71|0
747|1|48|4|298.20|0
748|1|79|1|111.71|0
748|2|42|4|65.62|0
748|3|27|2|26.97|0
748|4|61|1|366.77|0
748|5|70|3|362.97|0
748|6|10|2|54.08|0
748|7|32|1|798.02|10
749|1|62|1|305.21|20
749|2|72|1|57.31|0
749|3|58|2|612.60|15
750|1|43|2|390.04|0
750|2|2|2|120.91|0
750|3|69|2|203.22|0
750|4|51|1|479.47|0
751|1|17|1|304.08|0
751|2|47|1|496.81|0
751|3|55|5|66.78|0
751|4|16|1|208.16|25
751|5|73|1|194.25|0
752|1|31|1|515.56|10
752|2|64|1|128.47|0
753|1|72|1|57.31|0
753|2|14|1|171.51|10
753|3|13|1|361.83|0
753|4|17|1|304.08|0
753|5|56|4|842.57|0
754|1|74|2|117.83|25
754|2|16|2|277.54|0
754|3|2|1|120.91|0
754|4|65|1|173.95|0
754|5|12|2|123.85|10
755|1|31|4|572.84|0
755|2|61|1|366.77|0
755|3|65|1|173.95|0
755|4|78|2|40.09|15
755|5|48|1|268.38|10
756|1|51|2|479.47|0
756|2|6|1|43.52|20
757|1|49|1|395.78|0
757|2|46|1|264.10|0
757|3|76|1|183.27|0
758|1|78|1|47.16|0
758|2|29|1|8.54|25
758|3|63|1|177.97|0
758|4|20|1|45.32|0
759|1|61|2|366.77|0
759|2|13|1|361.83|0
759|3|51|2|383.58|20
759|4|79|1|111.71|0
759|5|73|3|194.25|0
759|6|16|1|277.54|0
759|7|45|1|83.72|0
760|1|68|1|157.57|20
760|2|48|2|283.29|5
760|3|5|3|82.16|0
760|4|49|1|395.78|0
761|1|2|2|120.91|0
761|2|10|1|54.08|0
762|1|5|2|82.16|0
762|2|19|3|379.68|0
763|1|48|2|298.20|0
764|1|64|3|128.47|0
764|2|10|1|54.08|0
764|3|63|5|151.27|15
765|1|72|2|57.31|0
765|2|7|1|75.28|5
766|1|19|2|379.68|0
767|1|14|1|171.51|10
767|2|78|4|47.16|0
767|3|13|1|343.74|5
768|1|51|5|455.50|5
768|2|74|2|157.11|0
768|3|4|1|31.55|20
768|4|69|1|203.22|0
769|1|44|1|73.28|0
769|2|16|2|235.91|15
769|3|65|4|173.95|0
770|1|46|3|211.28|20
770|2|44|4|54.96|25
771|1|5|1|82.16|0
771|2|8|1|52.69|0
771|3|54|1|657.90|0
772|1|67|1|63.85|0
772|2|21|1|36.78|10
773|1|20|2|45.32|0
773|2|11|1|268.79|0
773|3|78|3|47.16|0
773|4|49|6|395.78|0
774|1|7|3|79.24|0
774|2|38|1|1260.44|0
774|3|69|1|203.22|0
774|4|70|1|272.23|25
775|1|28|2|42.72|5
776|1|71|2|219.93|0
776|2|29|1|10.24|10
776|3|17|2|273.67|10
777|1|38|5|1260.44|0
777|2|35|1|468.84|5
777|3|43|2|390.04|0
777|4|18|1|193.58|0
777|5|46|2|264.10|0
778|1|50|2|518.17|0
778|2|26|3|48.36|10
778|3|12|4|137.61|0
778|4|37|2|290.89|0
779|1|51|2|479.47|0
779|2|57|4|602.55|15
779|3|78|2|47.16|0
780|1|19|1|322.73|15
780|2|41|1|252.58|20
780|3|71|1|219.93|0
781|1|21|3|30.65|25
781|2|19|3|379.68|0
781|3|80|2|112.72|0
781|4|62|1|381.51|0
782|1|67|1|63.85|0
782|2|9|5|41.66|0
782|3|43|1|390.04|0
783|1|5|1|82.16|0
784|1|19|1|379.68|0
784|2|6|5|54.40|0
785|1|58|3|720.71|0
786|1|60|3|108.60|0
786|2|62|2|381.51|0
786|3|2|2|120.91|0
786|4|6|2|54.40|0
787|1|22|1|33.53|5
787|2|16|2|277.54|0
787|3|12|4|116.97|15
788|1|73|2|194.25|0
788|2|34|1|937.84|10
789|1|17|1|304.08|0
790|1|64|3|128.47|0
790|2|54|2|559.22|15
790|3|55|1|66.78|0
790|4|13|6|325.65|10
791|1|24|2|22.81|0
791|2|77|4|62.44|0
791|3|18|3|193.58|0
791|4|58|1|720.71|0
792|1|37|1|290.89|0
792|2|45|1|83.72|0
793|1|51|2|479.47|0
793|2|35|1|493.52|0
794|1|34|1|1042.04|0
794|2|3|3|148.69|0
795|1|17|1|304.08|0
795|2|73|2|194.25|0
795|3|21|2|36.78|10
795|4|22|1|35.30|0
796|1|54|1|559.22|15
797|1|5|2|82.16|0
797|2|17|4|304.08|0
798|1|7|5|79.24|0
799|1|24|2|22.81|0
799|2|43|3|390.04|0
799|3|7|3|79.24|0
800|1|68|1|196.96|0
800|2|67|2|63.85|0
801|1|73|2|194.25|0
801|2|24|3|19.39|15
801|3|1|1|27.42|0
801|4|8|4|52.69|0
801|5|75|1|173.63|0
802|1|74|3|117.83|25
802|2|70|1|326.67|10
802|3|40|1|279.09|10
802|4|55|2|66.78|0
803|1|4|1|39.44|0
803|2|77|1|56.20|10
804|1|72|1|57.31|0
804|2|61|1|275.08|25
804|3|54|6|657.90|0
805|1|12|1|123.85|10
805|2|2|2|120.91|0
805|3|76|2|183.27|0
806|1|10|1|51.38|5
806|2|29|1|10.24|10
806|3|47|5|447.13|10
807|1|69|1|203.22|0
807|2|63|2|177.97|0
808|1|48|4|298.20|0
808|2|10|1|54.08|0
808|3|46|4|264.10|0
808|4|62|5|381.51|0
808|5|25|4|56.61|0
809|1|64|1|128.47|0
810|1|46|2|250.90|5
811|1|59|2|627.12|0
812|1|20|1|43.05|5
813|1|50|1|518.17|0
813|2|51|2|455.50|5
813|3|61|1|366.77|0
814|1|56|1|842.57|0
814|2|53|2|510.51|0
814|3|36|1|600.54|0
814|4|61|1|366.77|0
815|1|38|2|1260.44|0
815|2|63|2|177.97|0
816|1|75|2|173.63|0
816|2|61|1|366.77|0
816|3|58|6|720.71|0
816|4|55|1|66.78|0
817|1|54|1|559.22|15
818|1|74|3|157.11|0
818|2|67|3|63.85|0
819|1|39|1|162.16|10
820|1|17|2|288.88|5
820|2|25|2|48.12|15
820|3|77|1|53.07|15
821|1|26|1|53.73|0
822|1|16|1|263.66|5
822|2|80|1|107.08|5
823|1|66|2|147.27|0
824|1|6|1|48.96|10
824|2|22|2|35.30|0
825|1|62|2|362.43|5
826|1|16|3|277.54|0
826|2|36|3|540.49|10
826|3|9|4|39.58|5
826|4|29|1|11.38|0
826|5|68|1|157.57|20
826|6|40|1|310.10|0
827|1|52|1|124.59|0
828|1|63|1|177.97|0
828|2|79|4|111.71|0
828|3|78|1|44.80|5
829|1|39|6|171.17|5
830|1|58|1|720.71|0
830|2|51|3|479.47|0
830|3|42|2|59.06|10
831|1|62|2|381.51|0
831|2|40|5|248.08|20
831|3|23|1|14.91|5
831|4|76|1|183.27|0
831|5|45|5|75.35|10
831|6|13|1|361.83|0
832|1|36|3|600.54|0
832|2|15|5|77.82|0
833|1|21|4|36.78|10
833|2|6|5|54.40|0
833|3|33|3|733.34|20
833|4|14|6|190.57|0
833|5|10|2|43.26|20
833|6|56|3|842.57|0
834|1|65|1|173.95|0
834|2|27|1|26.97|0
834|3|59|1|501.70|20
834|4|26|1|53.73|0
835|1|56|1|842.57|0
836|1|4|2|39.44|0
836|2|15|3|73.93|5
836|3|68|5|196.96|0
836|4|57|2|531.66|25
836|5|2|2|90.68|25
837|1|61|2|366.77|0
837|2|28|3|40.47|10
837|3|5|4|82.16|0
838|1|40|1|310.10|0
838|2|36|1|600.54|0
838|3|35|1|444.17|10
838|4|37|2|261.80|10
838|5|46|1|264.10|0
838|6|65|1|156.55|10
838|7|33|1|870.84|5
839|1|15|1|70.04|10
839|2|80|2|112.72|0
840|1|50|1|518.17|0
840|2|22|1|30.00|15
841|1|23|1|14.13|10
841|2|43|4|390.04|0
841|3|13|3|361.83|0
841|4|71|6|219.93|0
841|5|76|1|183.27|0
842|1|31|1|515.56|10
843|1|4|2|33.52|15
843|2|17|5|304.08|0
843|3|11|1|268.79|0
843|4|76|3|183.27|0
844|1|54|5|657.90|0
844|2|57|4|708.88|0
844|3|68|1|196.96|0
845|1|12|6|137.61|0
846|1|66|2|147.27|0
847|1|54|1|657.90|0
847|2|78|3|47.16|0
847|3|57|1|708.88|0
848|1|51|2|455.50|5
848|2|2|4|120.91|0
848|3|78|3|47.16|0
848|4|43|1|312.03|20
848|5|61|1|366.77|0
849|1|80|1|112.72|0
849|2|64|1|128.47|0
849|3|55|2|66.78|0
849|4|77|1|59.32|5
849|5|61|4|366.77|0
850|1|42|1|65.62|0
850|2|37|1|290.89|0
851|1|14|1|190.57|0
851|2|35|1|468.84|5
852|1|10|2|45.97|15
852|2|71|1|186.94|15
852|3|42|1|65.62|0
853|1|11|2|268.79|0
853|2|69|5|162.58|20
853|3|77|1|56.20|10
854|1|69|2|203.22|0
854|2|50|1|518.17|0
854|3|70|1|362.97|0
855|1|77|3|62.44|0
855|2|13|1|307.56|15
855|3|76|5|155.78|15
855|4|53|3|510.51|0
855|5|28|3|44.97|0
855|6|29|6|11.38|0
855|7|79|3|106.12|5
856|1|35|1|444.17|10
856|2|36|2|600.54|0
857|1|48|4|253.47|15
857|2|75|1|156.27|10
858|1|62|1|362.43|5
858|2|53|1|484.98|5
858|3|75|1|173.63|0
859|1|16|1|277.54|0
859|2|2|1|120.91|0
859|3|9|1|41.66|0
860|1|52|1|124.59|0
861|1|49|1|336.41|15
861|2|5|1|82.16|0
861|3|19|1|303.74|20
861|4|25|6|48.12|15
862|1|31|1|515.56|10
862|2|61|4|366.77|0
862|3|20|2|45.32|0
862|4|34|1|1042.04|0
863|1|8|2|52.69|0
863|2|17|2|288.88|5
863|3|73|4|194.25|0
864|1|66|1|147.27|0
864|2|56|2|842.57|0
865|1|3|2|141.26|5
865|2|54|6|657.90|0
865|3|34|1|989.94|5
866|1|5|2|82.16|0
866|2|52|1|124.59|0
867|1|20|1|45.32|0
867|2|68|3|196.96|0
867|3|80|3|101.45|10
868|1|43|2|331.53|15
869|1|70|1|362.97|0
870|1|18|2|193.58|0
870|2|12|6|110.09|20
870|3|47|2|496.81|0
871|1|6|4|46.24|15
871|2|12|1|130.73|5
872|1|9|4|35.41|15
872|2|59|1|627.12|0
873|1|71|2|219.93|0
873|2|39|1|171.17|5
873|3|46|2|264.10|0
873|4|15|1|66.15|15
874|1|64|1|128.47|0
874|2|61|2|366.77|0
874|3|41|1|315.72|0
875|1|48|1|238.56|20
876|1|73|1|174.82|10
876|2|23|3|15.70|0
877|1|2|1|120.91|0
877|2|40|3|310.10|0
877|3|79|1|94.95|15
877|4|22|1|35.30|0
878|1|52|1|124.59|0
879|1|17|1|273.67|10
879|2|55|5|66.78|0
879|3|72|3|42.98|25
880|1|38|6|1260.44|0
880|2|5|1|82.16|0
880|3|60|3|97.74|10
881|1|68|2|196.96|0
881|2|23|3|15.70|0
881|3|80|1|112.72|0
882|1|9|5|39.58|5
882|2|7|2|63.39|20
882|3|4|4|39.44|0
882|4|60|3|108.60|0
882|5|50|1|518.17|0
882|6|16|5|277.54|0
883|1|32|4|798.02|10
883|2|46|1|264.10|0
883|3|55|2|66.78|0
884|1|6|1|43.52|20
884|2|38|1|1260.44|0
885|1|45|1|83.72|0
886|1|19|1|379.68|0
886|2|80|1|112.72|0
886|3|45|2|83.72|0
886|4|15|2|77.82|0
886|5|61|1|330.09|10
886|6|27|1|26.97|0
886|7|73|2|194.25|0
886|8|68|2|187.11|5
887|1|11|4|255.35|5
887|2|27|1|25.62|5
887|3|30|2|38.30|0
888|1|62|5|324.28|15
889|1|15|1|58.36|25
889|2|14|1|190.57|0
890|1|8|2|52.69|0
890|2|76|4|183.27|0
890|3|24|2|22.81|0
891|1|44|1|73.28|0
891|2|79|1|111.71|0
891|3|67|1|63.85|0
892|1|49|2|395.78|0
892|2|77|1|49.95|20
892|3|20|2|45.32|0
892|4|35|1|493.52|0
892|5|60|1|108.60|0
893|1|24|3|22.81|0
893|2|73|6|194.25|0
894|1|72|1|57.31|0
895|1|77|2|62.44|0
895|2|59|2|627.12|0
896|1|16|2|235.91|15
896|2|32|1|842.36|5
896|3|25|3|56.61|0
897|1|16|1|263.66|5
897|2|38|1|1008.35|20
898|1|7|5|79.24|0
899|1|60|1|108.60|0
899|2|55|2|66.78|0
899|3|25|4|56.61|0
900|1|40|1|310.10|0
900|2|10|1|54.08|0
900|3|43|2|351.04|10
901|1|14|6|190.57|0
901|2|63|1|177.97|0
901|3|50|1|518.17|0
902|1|42|1|65.62|0
902|2|59|1|627.12|0
902|3|58|2|720.71|0
902|4|75|6|173.63|0
902|5|27|2|26.97|0
903|1|15|1|77.82|0
903|2|3|1|141.26|5
903|3|4|1|37.47|5
903|4|10|2|45.97|15
903|5|75|1|173.63|0
904|1|78|2|47.16|0
905|1|54|1|559.22|15
905|2|59|2|627.12|0
905|3|40|1|310.10|0
906|1|52|2|99.67|20
907|1|4|3|39.44|0
907|2|16|1|277.54|0
907|3|56|2|842.57|0
907|4|31|1|572.84|0
908|1|54|2|657.90|0
908|2|55|1|63.44|5
909|1|54|2|657.90|0
909|2|40|1|310.10|0
910|1|18|6|193.58|0
910|2|9|1|41.66|0
910|3|58|1|720.71|0
910|4|72|1|57.31|0
911|1|16|5|222.03|20
911|2|29|5|11.38|0
911|3|12|1|137.61|0
912|1|11|3|268.79|0
912|2|33|3|687.50|25
912|3|10|6|54.08|0
912|4|56|6|842.57|0
913|1|23|2|14.13|10
913|2|33|1|916.67|0
914|1|8|2|47.42|10
915|1|64|1|128.47|0
915|2|40|3|310.10|0
915|3|58|4|720.71|0
915|4|66|3|147.27|0
916|1|21|5|40.87|0
916|2|53|1|510.51|0
916|3|41|6|315.72|0
916|4|69|1|152.41|25
916|5|42|4|59.06|10
917|1|4|1|39.44|0
917|2|16|1|263.66|5
917|3|65|1|156.55|10
917|4|57|2|708.88|0
918|1|70|6|362.97|0
918|2|52|4|124.59|0
918|3|2|1|108.82|10
919|1|12|1|137.61|0
919|2|6|1|46.24|15
919|3|11|3|241.91|10
919|4|40|6|310.10|0
919|5|30|1|38.30|0
919|6|23|2|13.35|15
920|1|28|1|40.47|10
920|2|74|2|157.11|0
920|3|41|1|315.72|0
921|1|58|1|720.71|0
921|2|49|2|336.41|15
921|3|24|4|22.81|0
921|4|30|5|38.30|0
921|5|37|3|276.35|5
921|6|4|2|35.50|10
921|7|23|5|14.13|10
921|8|44|1|73.28|0
922|1|28|2|42.72|5
922|2|46|3|264.10|0
922|3|29|2|9.67|15
922|4|21|1|40.87|0
923|1|33|2|779.17|15
924|1|9|2|41.66|0
924|2|57|1|673.44|5
925|1|21|5|40.87|0
925|2|53|2|510.51|0
926|1|7|2|79.24|0
926|2|60|3|97.74|10
927|1|18|1|193.58|0
927|2|62|1|381.51|0
928|1|39|3|171.17|5
928|2|48|5|298.20|0
928|3|15|6|77.82|0
928|4|11|5|241.91|10
928|5|6|3|54.40|0
929|1|22|2|35.30|0
930|1|53|4|510.51|0
930|2|36|1|600.54|0
930|3|64|3|128.47|0
930|4|57|1|637.99|10
930|5|6|2|43.52|20
931|1|5|5|82.16|0
931|2|37|3|290.89|0
932|1|72|2|57.31|0
932|2|75|5|173.63|0
932|3|38|5|1071.37|15
933|1|32|3|886.69|0
934|1|4|1|39.44|0
935|1|9|3|41.66|0
935|2|68|2|196.96|0
935|3|66|3|147.27|0
936|1|70|1|362.97|0
936|2|64|1|128.47|0
936|3|49|4|395.78|0
937|1|60|4|108.60|0
937|2|22|1|35.30|0
937|3|6|2|51.68|5
937|4|14|1|190.57|0
937|5|37|3|290.89|0
938|1|77|2|59.32|5
938|2|21|1|40.87|0
939|1|6|1|54.40|0
939|2|67|2|63.85|0
939|3|21|2|40.87|0
939|4|2|2|108.82|10
940|1|8|1|52.69|0
940|2|72|1|45.85|20
940|3|66|1|147.27|0
941|1|77|1|62.44|0
941|2|20|3|43.05|5
941|3|49|2|375.99|5
941|4|80|2|112.72|0
941|5|47|1|496.81|0
942|1|9|5|41.66|0
943|1|66|2|147.27|0
943|2|71|1|219.93|0
943|3|21|1|40.87|0
943|4|18|2|154.86|20
944|1|65|1|173.95|0
944|2|54|2|526.32|20
945|1|15|3|77.82|0
945|2|24|1|22.81|0
946|1|27|3|26.97|0
946|2|55|3|66.78|0
946|3|61|4|348.43|5
946|4|6|1|54.40|0
947|1|64|1|128.47|0
947|2|26|1|53.73|0
947|3|70|1|362.97|0
948|1|73|1|165.11|15
948|2|72|3|57.31|0
949|1|52|3|112.13|10
949|2|18|1|174.22|10
950|1|55|2|66.78|0
951|1|21|1|40.87|0
951|2|34|1|1042.04|0
952|1|62|1|381.51|0
953|1|37|1|232.71|20
953|2|2|1|120.91|0
954|1|20|1|38.52|15
954|2|65|3|156.55|10
955|1|52|1|124.59|0
955|2|65|2|173.95|0
956|1|29|3|10.24|10
957|1|46|1|237.69|10
957|2|80|1|112.72|0
958|1|48|1|298.20|0
959|1|56|1|842.57|0
959|2|75|2|173.63|0
959|3|32|4|886.69|0
960|1|15|1|73.93|5
961|1|77|1|62.44|0
961|2|28|1|44.97|0
961|3|63|1|177.97|0
961|4|44|2|73.28|0
962|1|53|3|510.51|0
962|2|27|2|26.97|0
962|3|29|1|11.38|0
963|1|75|2|164.95|5
964|1|27|1|20.23|25
964|2|13|4|361.83|0
964|3|14|2|190.57|0
965|1|57|1|673.44|5
965|2|19|1|341.71|10
965|3|43|1|390.04|0
965|4|74|1|141.40|10
965|5|29|1|10.24|10
965|6|24|1|22.81|0
965|7|71|2|219.93|0
966|1|21|3|40.87|0
966|2|64|1|128.47|0
966|3|62|2|381.51|0
966|4|57|1|531.66|25
967|1|64|2|128.47|0
968|1|63|1|177.97|0
969|1|73|6|194.25|0
969|2|10|1|51.38|5
969|3|77|2|62.44|0
970|1|49|2|395.78|0
971|1|43|2|390.04|0
971|2|61|1|366.77|0
971|3|66|2|132.54|10
972|1|2|5|120.91|0
972|2|60|1|108.60|0
973|1|59|1|470.34|25
973|2|80|2|112.72|0
973|3|70|1|362.97|0
973|4|77|1|62.44|0
974|1|4|1|39.44|0
974|2|34|2|1042.04|0
974|3|16|4|277.54|0
974|4|46|3|264.10|0
975|1|68|5|196.96|0
975|2|12|1|137.61|0
975|3|5|3|78.05|5
976|1|4|1|29.58|25
977|1|56|2|842.57|0
977|2|11|1|255.35|5
977|3|5|1|82.16|0
977|4|36|3|600.54|0
977|5|39|2|180.18|0
978|1|60|4|97.74|10
979|1|39|3|153.15|15
979|2|77|4|62.44|0
979|3|3|1|148.69|0
979|4|57|4|708.88|0
979|5|59|1|627.12|0
979|6|78|3|47.16|0
980|1|48|5|298.20|0
981|1|62|6|381.51|0
982|1|45|2|83.72|0
983|1|43|1|390.04|0
983|2|40|1|310.10|0
983|3|79|1|111.71|0
983|4|58|1|720.71|0
984|1|26|1|53.73|0
984|2|7|1|79.24|0
985|1|8|2|52.69|0
985|2|61|2|366.77|0
986|1|12|1|123.85|10
986|2|10|2|51.38|5
986|3|58|2|720.71|0
987|1|28|1|44.97|0
987|2|63|2|177.97|0
987|3|13|1|361.83|0
988|1|76|3|183.27|0
988|2|30|1|38.30|0
988|3|20|2|45.32|0
989|1|19|4|379.68|0
989|2|27|1|25.62|5
989|3|3|2|148.69|0
989|4|5|2|82.16|0
989|5|25|4|42.46|25
990|1|24|6|22.81|0
990|2|35|5|468.84|5
990|3|20|1|45.32|0
990|4|8|5|52.69|0
991|1|53|1|433.93|15
992|1|39|2|180.18|0
993|1|72|3|57.31|0
993|2|55|2|60.10|10
993|3|45|6|62.79|25
993|4|41|1|315.72|0
994|1|79|2|111.71|0
994|2|48|1|238.56|20
995|1|43|3|390.04|0
995|2|26|1|53.73|0
995|3|15|1|77.82|0
995|4|32|5|886.69|0
995|5|61|1|366.77|0
995|6|54|4|526.32|20
995|7|60|2|81.45|25
996|1|43|1|390.04|0
996|2|60|1|92.31|15
997|1|14|1|190.57|0
997|2|45|1|83.72|0
997|3|70|5|362.97|0
998|1|67|3|63.85|0
999|1|71|1|219.93|0
999|2|65|1|156.55|10
999|3|73|2|194.25|0
999|4|18|3|193.58|0
1000|1|47|5|496.81|0
1000|2|28|3|33.73|25
1000|3|5|6|82.16|0
1000|4|12|3|137.61|0
1001|1|35|2|493.52|0
1002|1|18|6|183.90|5
1002|2|52|1|105.90|15
1003|1|41|3|315.72|0
1003|2|10|1|54.08|0
1003|3|62|1|343.36|10
1003|4|31|1|572.84|0
1003|5|37|4|290.89|0
1003|6|68|1|196.96|0
1003|7|46|2|264.10|0
1004|1|68|3|196.96|0
1004|2|62|1|381.51|0
1004|3|28|3|44.97|0
1004|4|42|2|65.62|0
1004|5|54|1|559.22|15
1005|1|32|1|753.69|15
1005|2|49|1|395.78|0
1005|3|27|1|26.97|0
1005|4|46|5|264.10|0
1006|1|67|5|63.85|0
1006|2|30|1|32.55|15
1006|3|51|1|479.47|0
1007|1|35|1|493.52|0
1007|2|18|1|193.58|0
1007|3|23|3|14.91|5
1008|1|14|1|161.98|15
1008|2|15|1|77.82|0
1009|1|36|1|600.54|0
1009|2|6|2|54.40|0
1009|3|70|1|362.97|0
1009|4|42|2|62.34|5
1009|5|57|4|708.88|0
1009|6|3|3|118.95|20
1010|1|61|1|293.42|20
1010|2|36|4|600.54|0
1010|3|34|1|1042.04|0
1011|1|23|2|15.70|0
1011|2|27|5|25.62|5
1012|1|2|4|120.91|0
1012|2|67|5|63.85|0
1013|1|48|1|298.20|0
1014|1|7|1|79.24|0
1014|2|22|3|35.30|0
1014|3|31|3|572.84|0
1015|1|10|2|48.67|10
1015|2|62|1|381.51|0
1016|1|58|4|720.71|0
1017|1|56|4|674.06|20
1018|1|42|1|65.62|0
1018|2|55|4|60.10|10
1019|1|18|1|193.58|0
1019|2|59|2|627.12|0
1019|3|51|4|479.47|0
1020|1|16|3|277.54|0
1020|2|23|1|15.70|0
1020|3|61|4|366.77|0
1021|1|32|2|886.69|0
1021|2|31|1|572.84|0
1022|1|48|1|238.56|20
1022|2|12|1|137.61|0
1023|1|13|1|289.46|20
1023|2|55|3|66.78|0
1023|3|74|2|141.40|10
1023|4|71|6|219.93|0
1024|1|5|3|82.16|0
1025|1|31|3|572.84|0
1026|1|55|5|60.10|10
1026|2|30|1|38.30|0
1027|1|42|3|65.62|0
1028|1|68|2|177.26|10
1028|2|71|5|175.94|20
1028|3|37|5|290.89|0
1028|4|48|1|238.56|20
1029|1|54|1|526.32|20
1029|2|79|3|111.71|0
1029|3|59|1|627.12|0
1029|4|18|1|193.58|0
1029|5|42|3|65.62|0
1029|6|60|2|108.60|0
1030|1|24|2|22.81|0
1031|1|9|1|41.66|0
1031|2|47|5|496.81|0
1031|3|46|4|264.10|0
1032|1|16|2|277.54|0
1032|2|27|1|26.97|0
1033|1|38|1|1260.44|0
1033|2|41|5|315.72|0
1033|3|14|3|190.57|0
1034|1|44|3|65.95|10
1034|2|16|1|277.54|0
1034|3|37|1|247.26|15
1035|1|47|1|496.81|0
1035|2|70|1|362.97|0
1036|1|15|4|77.82|0
1036|2|54|1|625.00|5
1036|3|51|1|431.52|10
1036|4|38|1|1260.44|0
1037|1|22|1|30.00|15
1037|2|66|3|125.18|15
1037|3|25|1|53.78|5
1037|4|45|1|83.72|0
1037|5|51|1|479.47|0
1038|1|73|1|165.11|15
1038|2|70|2|362.97|0
1039|1|67|3|63.85|0
1040|1|65|4|156.55|10
1040|2|2|1|120.91|0
1040|3|68|3|196.96|0
1040|4|38|2|1008.35|20
1041|1|37|1|232.71|20
1041|2|51|1|479.47|0
1041|3|64|1|128.47|0
1041|4|14|5|190.57|0
1041|5|39|6|171.17|5
1042|1|61|1|275.08|25
1042|2|41|1|268.36|15
1043|1|4|3|39.44|0
1044|1|43|1|390.04|0
1044|2|56|1|842.57|0
1044|3|74|1|157.11|0
1044|4|17|6|304.08|0
1044|5|49|1|316.62|20
1044|6|7|1|79.24|0
1045|1|28|4|35.98|20
1045|2|55|2|66.78|0
1046|1|24|1|22.81|0
1047|1|48|1|298.20|0
1048|1|61|2|366.77|0
1048|2|34|1|937.84|10
1049|1|9|1|33.33|20
1050|1|38|2|1008.35|20
1051|1|50|2|466.35|10
1052|1|27|2|24.27|10
1052|2|28|2|33.73|25
1053|1|23|3|15.70|0
1053|2|16|2|222.03|20
1053|3|46|1|264.10|0
1054|1|47|1|496.81|0
1055|1|49|1|395.78|0
1055|2|22|1|35.30|0
1055|3|44|1|73.28|0
1056|1|26|2|48.36|10
1056|2|31|1|572.84|0
1056|3|1|2|26.05|5
1056|4|52|1|124.59|0
1056|5|18|2|183.90|5
1057|1|18|3|193.58|0
1057|2|40|1|310.10|0
1057|3|30|1|38.30|0
1058|1|21|3|40.87|0
1058|2|13|1|361.83|0
1059|1|65|1|173.95|0
1059|2|2|1|120.91|0
1059|3|9|4|41.66|0
1060|1|79|2|106.12|5
1060|2|27|1|26.97|0
1061|1|67|4|63.85|0
1061|2|46|1|250.90|5
1061|3|77|2|62.44|0
1061|4|34|1|1042.04|0
1062|1|64|3|128.47|0
1062|2|30|3|38.30|0
1063|1|73|4|184.54|5
1063|2|22|1|33.53|5
1063|3|6|1|48.96|10
1063|4|10|5|54.08|0
1063|5|37|1|290.89|0
1064|1|71|1|164.95|25
1065|1|6|2|54.40|0
1065|2|1|1|27.42|0
1066|1|30|2|38.30|0
1066|2|9|2|41.66|0
1066|3|42|3|65.62|0
1066|4|19|1|322.73|15
1066|5|77|2|62.44|0
1066|6|53|1|510.51|0
1066|7|10|2|54.08|0
1066|8|78|1|47.16|0
1067|1|65|1|173.95|0
1068|1|44|4|73.28|0
1068|2|5|3|82.16|0
1068|3|71|6|197.94|10
1069|1|68|1|187.11|5
1069|2|62|1|381.51|0
1070|1|54|4|657.90|0
1070|2|22|2|30.00|15
1070|3|20|2|45.32|0
1070|4|62|1|381.51|0
1071|1|41|1|315.72|0
1071|2|72|2|48.71|15
1071|3|57|3|637.99|10
1071|4|76|1|183.27|0
1071|5|46|1|264.10|0
1072|1|7|2|75.28|5
1072|2|27|1|25.62|5
1073|1|59|3|501.70|20
1073|2|40|3|310.10|0
1074|1|22|3|35.30|0
1074|2|3|4|148.69|0
1074|3|62|1|381.51|0
1075|1|51|6|479.47|0
1075|2|52|1|124.59|0
1075|3|77|6|62.44|0
1075|4|53|3|510.51|0
1076|1|64|2|128.47|0
1076|2|27|2|26.97|0
1077|1|48|1|298.20|0
1077|2|30|1|30.64|20
1078|1|6|1|54.40|0
1078|2|55|5|66.78|0
1078|3|71|1|175.94|20
1079|1|7|2|59.43|25
1079|2|14|1|190.57|0
1079|3|75|1|138.90|20
1079|4|58|4|720.71|0
1080|1|50|1|518.17|0
1080|2|54|1|625.00|5
1080|3|73|5|194.25|0
1080|4|44|1|65.95|10
1081|1|2|2|120.91|0
1081|2|80|1|112.72|0
1082|1|65|1|173.95|0
1082|2|24|1|19.39|15
1082|3|64|4|128.47|0
1083|1|46|5|264.10|0
1083|2|14|1|190.57|0
1083|3|26|1|42.98|20
1083|4|59|2|627.12|0
1083|5|34|1|885.73|15
1084|1|46|1|264.10|0
1084|2|62|3|381.51|0
1084|3|55|3|66.78|0
1084|4|41|1|315.72|0
1085|1|29|1|11.38|0
1085|2|60|1|103.17|5
1086|1|73|2|194.25|0
1086|2|2|2|120.91|0
1086|3|61|3|366.77|0
1086|4|72|4|57.31|0
1087|1|74|4|157.11|0
1087|2|45|3|83.72|0
1087|3|21|2|38.83|5
1088|1|69|1|203.22|0
1088|2|22|2|35.30|0
1088|3|56|1|842.57|0
1088|4|71|3|219.93|0
1089|1|74|2|157.11|0
1090|1|17|1|304.08|0
1090|2|43|1|390.04|0
1091|1|74|1|141.40|10
1091|2|39|4|180.18|0
1091|3|58|4|720.71|0
1092|1|75|1|173.63|0
1092|2|65|1|173.95|0
1092|3|27|2|26.97|0
1092|4|70|1|362.97|0
1092|5|55|4|66.78|0
1093|1|42|5|65.62|0
1094|1|28|1|38.22|15
1094|2|38|6|945.33|25
1094|3|74|3|133.54|15
1094|4|62|4|381.51|0
1095|1|44|4|73.28|0
1095|2|18|3|183.90|5
1095|3|37|1|290.89|0
1095|4|79|1|111.71|0
1096|1|68|1|196.96|0
1096|2|10|1|45.97|15
1096|3|73|6|194.25|0
1096|4|79|2|111.71|0
1096|5|49|2|316.62|20
1096|6|17|2|304.08|0
1097|1|63|1|177.97|0
1097|2|66|4|147.27|0
1098|1|44|1|73.28|0
1099|1|42|6|65.62|0
1099|2|32|1|842.36|5
1099|3|7|1|79.24|0
1099|4|14|2|190.57|0
1100|1|26|3|53.73|0
1100|2|33|1|916.67|0
1100|3|45|4|83.72|0
1101|1|42|1|65.62|0
1102|1|51|2|479.47|0
1102|2|31|1|544.20|5
1102|3|77|4|62.44|0
1103|1|24|1|22.81|0
1103|2|21|6|40.87|0
1104|1|53|1|510.51|0
1104|2|1|3|24.68|10
1104|3|4|1|33.52|15
1104|4|21|1|40.87|0
1104|5|67|1|63.85|0
1104|6|52|4|118.36|5
1104|7|56|1|842.57|0
1105|1|78|3|47.16|0
1105|2|45|1|83.72|0
1106|1|35|2|468.84|5
1106|2|48|1|253.47|15
1106|3|32|3|886.69|0
1107|1|45|1|66.98|20
1107|2|63|6|177.97|0
1107|3|40|4|310.10|0
1108|1|58|2|720.71|0
1108|2|30|2|38.30|0
1108|3|39|3|180.18|0
1108|4|15|5|77.82|0
1108|5|24|1|22.81|0
1109|1|76|1|183.27|0
1109|2|13|1|361.83|0
1109|3|45|1|83.72|0
1109|4|58|2|720.71|0
1109|5|23|3|15.70|0
1110|1|49|1|395.78|0
1111|1|16|1|277.54|0
1111|2|21|2|34.74|15
1111|3|58|1|648.64|10
1112|1|65|3|165.25|5
1112|2|75|1|173.63|0
1112|3|16|1|277.54|0
1112|4|35|1|493.52|0
1112|5|34|1|1042.04|0
1112|6|66|1|147.27|0
1113|1|43|3|370.54|5
1113|2|23|5|15.70|0
1113|3|41|2|252.58|20
1113|4|17|1|304.08|0
1113|5|37|1|290.89|0
1114|1|5|1|82.16|0
1114|2|59|1|627.12|0
1114|3|62|2|381.51|0
1114|4|74|5|157.11|0
1114|5|38|2|1260.44|0
1115|1|43|1|390.04|0
1115|2|12|2|137.61|0
1116|1|11|1|268.79|0
1116|2|8|2|52.69|0
1116|3|12|2|137.61|0
1117|1|4|2|39.44|0
1118|1|8|3|52.69|0
1118|2|68|2|196.96|0
1119|1|73|2|194.25|0
1120|1|15|3|73.93|5
1120|2|2|4|120.91|0
1120|3|61|1|366.77|0
1120|4|49|3|336.41|15
1120|5|21|2|38.83|5
1121|1|44|2|73.28|0
1121|2|72|2|54.44|5
1121|3|45|3|71.16|15
1121|4|31|2|572.84|0
1122|1|55|3|66.78|0
1122|2|28|2|44.97|0
1122|3|13|2|361.83|0
1123|1|54|1|625.00|5
1123|2|42|6|65.62|0
1124|1|70|1|326.67|10
1124|2|29|2|11.38|0
1124|3|6|1|48.96|10
1125|1|64|4|128.47|0
1126|1|20|1|38.52|15
1126|2|24|4|22.81|0
1126|3|35|1|493.52|0
1126|4|17|2|304.08|0
1126|5|15|1|77.82|0
1127|1|64|2|128.47|0
1127|2|17|4|258.47|15
1127|3|54|3|657.90|0
1128|1|53|2|510.51|0
1128|2|13|1|361.83|0
1128|3|32|1|753.69|15
1128|4|70|3|362.97|0
1128|5|43|1|331.53|15
1128|6|77|5|59.32|5
1128|7|3|2|148.69|0
1128|8|63|1|169.07|5
1129|1|51|3|479.47|0
1130|1|39|1|180.18|0
1130|2|56|3|758.31|10
1130|3|76|1|183.27|0
1131|1|10|6|54.08|0
1132|1|10|2|54.08|0
1132|2|31|5|572.84|0
1132|3|33|1|916.67|0
1133|1|64|2|128.47|0
1134|1|2|1|120.91|0
1134|2|30|1|38.30|0
1134|3|49|6|395.78|0
1134|4|7|2|79.24|0
1135|1|12|2|137.61|0
1135|2|39|1|162.16|10
1135|3|78|1|47.16|0
1136|1|33|1|916.67|0
1136|2|37|4|290.89|0
1137|1|59|3|627.12|0
1138|1|66|1|147.27|0
1138|2|46|2|250.90|5
1139|1|56|1|842.57|0
1139|2|46|5|264.10|0
1139|3|22|2|35.30|0
1140|1|7|1|79.24|0
1140|2|52|1|112.13|10
1140|3|37|1|290.89|0
1140|4|19|2|341.71|10
1141|1|35|3|493.52|0
1141|2|53|3|510.51|0
1141|3|41|4|284.15|10
1141|4|19|1|379.68|0
1141|5|43|4|390.04|0
1141|6|18|5|193.58|0
1142|1|40|2|310.10|0
1142|2|75|3|173.63|0
1143|1|27|2|25.62|5
1143|2|67|2|63.85|0
1143|3|46|2|264.10|0
1144|1|37|2|290.89|0
1144|2|54|1|657.90|0
1144|3|3|2|148.69|0
1144|4|5|5|82.16|0
1144|5|60|1|108.60|0
1145|1|2|1|120.91|0
1145|2|39|2|162.16|10
1146|1|21|3|36.78|10
1147|1|26|2|53.73|0
1147|2|18|2|193.58|0
1148|1|21|3|40.87|0
1149|1|31|5|572.84|0
1150|1|29|2|11.38|0
1151|1|18|1|174.22|10
1151|2|61|1|366.77|0
1151|3|33|1|916.67|0
1152|1|65|2|173.95|0
1152|2|49|4|356.20|10
1152|3|11|1|268.79|0
1153|1|44|1|69.62|5
1153|2|51|1|479.47|0
1153|3|30|2|30.64|20
1153|4|57|2|673.44|5
1153|5|17|1|304.08|0
1153|6|48|2|298.20|0
1154|1|72|3|57.31|0
1155|1|27|3|21.58|20
1155|2|42|1|65.62|0
1156|1|36|1|600.54|0
1156|2|2|4|120.91|0
1156|3|28|1|44.97|0
1157|1|73|1|194.25|0
1157|2|1|1|27.42|0
1157|3|65|1|173.95|0
1157|4|15|1|77.82|0
1157|5|61|1|366.77|0
1157|6|59|2|627.12|0
1157|7|67|3|63.85|0
1158|1|52|1|124.59|0
1158|2|16|1|277.54|0
1158|3|59|3|627.12|0
1159|1|6|1|54.40|0
1159|2|40|1|310.10|0
1160|1|50|1|518.17|0
1161|1|9|1|41.66|0
1161|2|10|1|51.38|5
1161|3|49|1|395.78|0
1162|1|35|3|493.52|0
1162|2|71|2|219.93|0
1162|3|79|2|111.71|0
1163|1|47|1|496.81|0
1163|2|72|1|57.31|0
1163|3|70|3|362.97|0
1163|4|35|5|419.49|15
1163|5|32|1|886.69|0
1163|6|9|3|37.49|10
1164|1|2|1|120.91|0
1164|2|45|2|83.72|0
1164|3|9|4|41.66|0
1164|4|50|1|492.26|5
1164|5|66|1|147.27|0
1164|6|34|3|1042.04|0
1165|1|11|4|268.79|0
1165|2|20|1|43.05|5
1166|1|68|3|177.26|10
1166|2|67|2|63.85|0
1166|3|43|1|390.04|0
1166|4|75|2|138.90|20
1166|5|12|1|137.61|0
1167|1|65|1|173.95|0
1167|2|40|2|294.60|5
1167|3|1|4|27.42|0
1167|4|4|1|35.50|10
1168|1|45|1|83.72|0
1168|2|17|2|288.88|5
1169|1|6|1|54.40|0
1169|2|58|1|684.67|5
1169|3|42|4|55.78|15
1170|1|36|1|600.54|0
1170|2|14|1|190.57|0
1170|3|51|1|479.47|0
1170|4|61|4|366.77|0
1171|1|80|1|112.72|0
1171|2|12|1|137.61|0
1171|3|57|4|708.88|0
1172|1|18|2|193.58|0
1172|2|20|6|45.32|0
1172|3|57|1|708.88|0
1172|4|68|2|196.96|0
1173|1|70|1|362.97|0
1174|1|68|1|196.96|0
1175|1|12|1|130.73|5
1175|2|48|3|298.20|0
1176|1|72|2|57.31|0
1176|2|56|1|800.44|5
1176|3|61|3|366.77|0
1177|1|62|4|362.43|5
1177|2|75|1|173.63|0
1177|3|6|6|54.40|0
1177|4|36|4|600.54|0
1177|5|25|1|56.61|0
1177|6|5|5|82.16|0
1177|7|19|1|341.71|10
1177|8|45|3|83.72|0
1178|1|40|2|232.57|25
1178|2|34|1|781.53|25
1178|3|53|1|510.51|0
1179|1|3|6|148.69|0
1179|2|16|1|277.54|0
1179|3|1|5|27.42|0
1179|4|72|3|57.31|0
1180|1|29|3|11.38|0
1180|2|59|1|627.12|0
1180|3|26|1|53.73|0
1181|1|33|1|779.17|15
1181|2|69|2|203.22|0
1181|3|70|3|362.97|0
1182|1|80|5|112.72|0
1182|2|24|1|22.81|0
1182|3|70|1|362.97|0
1182|4|26|5|53.73|0
1182|5|60|1|108.60|0
1182|6|18|4|193.58|0
1182|7|67|1|60.66|5
1183|1|1|1|27.42|0
1183|2|66|2|147.27|0
1183|3|11|4|268.79|0
1183|4|48|3|298.20|0
1183|5|72|4|57.31|0
1184|1|6|5|54.40|0
1184|2|38|1|1260.44|0
1184|3|65|1|156.55|10
1185|1|11|4|268.79|0
1185|2|77|1|59.32|5
1185|3|63|2|151.27|15
1185|4|74|1|157.11|0
1185|5|72|1|57.31|0
1186|1|73|2|194.25|0
1186|2|72|3|57.31|0
1186|3|58|2|720.71|0
1187|1|5|3|82.16|0
1187|2|34|6|989.94|5
1187|3|78|1|40.09|15
1188|1|23|3|15.70|0
1188|2|61|2|330.09|10
1188|3|43|1|390.04|0
1189|1|20|4|45.32|0
1190|1|18|1|193.58|0
1190|2|33|4|916.67|0
1191|1|4|1|39.44|0
1191|2|5|3|82.16|0
1191|3|23|1|14.13|10
1191|4|18|2|193.58|0
1191|5|37|1|290.89|0
1191|6|73|1|174.82|10
1192|1|57|3|673.44|5
1192|2|12|2|137.61|0
1193|1|29|1|11.38|0
1193|2|14|1|190.57|0
1193|3|30|1|38.30|0
1194|1|61|1|311.75|15
1195|1|59|1|627.12|0
1195|2|10|1|40.56|25
1195|3|68|4|196.96|0
1196|1|61|2|366.77|0
1196|2|28|1|44.97|0
1197|1|77|2|56.20|10
1198|1|43|2|331.53|15
1198|2|64|1|128.47|0
1198|3|12|2|123.85|10
1199|1|40|4|310.10|0
1200|1|2|1|120.91|0
1201|1|67|3|63.85|0
1202|1|35|1|370.14|25
1202|2|71|1|197.94|10
1202|3|17|2|304.08|0
1202|4|13|1|343.74|5
1203|1|71|3|219.93|0
1203|2|52|4|124.59|0
1204|1|12|3|130.73|5
1204|2|40|2|294.60|5
1204|3|49|1|395.78|0
1204|4|26|2|51.04|5
1205|1|51|1|455.50|5
1206|1|66|2|147.27|0
1207|1|20|6|45.32|0
1207|2|17|1|304.08|0
1208|1|57|1|567.10|20
1208|2|60|1|108.60|0
1208|3|23|1|15.70|0
1208|4|78|4|44.80|5
1209|1|54|1|657.90|0
1209|2|62|2|362.43|5
1209|3|46|2|264.10|0
1210|1|71|3|208.93|5
1211|1|56|2|842.57|0
1212|1|72|4|57.31|0
1212|2|9|1|41.66|0
1212|3|63|1|151.27|15
1213|1|48|1|298.20|0
1214|1|50|1|518.17|0
1214|2|60|2|108.60|0
1214|3|11|1|268.79|0
1214|4|24|2|22.81|0
1214|5|48|5|298.20|0
1214|6|51|1|479.47|0
1215|1|74|2|157.11|0
1215|2|3|1|148.69|0
1215|3|69|1|203.22|0
1216|1|8|1|52.69|0
1217|1|78|2|44.80|5
1217|2|20|1|45.32|0
1217|3|51|3|431.52|10
1217|4|3|1|133.82|10
1218|1|44|4|73.28|0
1218|2|10|3|54.08|0
1218|3|75|1|156.27|10
1219|1|42|1|65.62|0
1219|2|68|2|157.57|20
1219|3|27|1|21.58|20
1219|4|50|5|518.17|0
1220|1|39|2|180.18|0
1221|1|10|1|45.97|15
1222|1|76|1|183.27|0
1222|2|61|1|293.42|20
1222|3|48|2|298.20|0
1223|1|22|2|33.53|5
1223|2|4|1|31.55|20
1224|1|61|1|366.77|0
1224|2|52|3|124.59|0
1225|1|35|3|493.52|0
1225|2|62|1|381.51|0
1225|3|29|1|10.81|5
1225|4|16|1|277.54|0
1225|5|4|1|39.44|0
1226|1|47|1|496.81|0
1226|2|43|1|312.03|20
1226|3|62|4|381.51|0
1227|1|24|1|19.39|15
1227|2|67|3|51.08|20
1228|1|78|2|42.44|10
1228|2|39|2|180.18|0
1229|1|79|1|111.71|0
1229|2|14|2|190.57|0
1229|3|23|3|15.70|0
1229|4|43|2|390.04|0
1229|5|56|3|842.57|0
1230|1|56|1|842.57|0
1230|2|75|1|173.63|0
1230|3|40|3|310.10|0
1231|1|56|1|842.57|0
1231|2|74|1|141.40|10
1231|3|37|3|261.80|10
1231|4|43|4|390.04|0
1231|5|54|1|559.22|15
1231|6|55|4|66.78|0
1232|1|58|2|684.67|5
1233|1|14|1|190.57|0
1234|1|31|4|572.84|0
1234|2|61|5|348.43|5
1235|1|36|1|600.54|0
1235|2|24|5|19.39|15
1235|3|14|3|171.51|10
1235|4|47|2|496.81|0
1235|5|35|4|493.52|0
1235|6|58|5|720.71|0
1236|1|45|1|83.72|0
1236|2|41|1|315.72|0
1237|1|78|1|42.44|10
1237|2|30|2|34.47|10
1237|3|71|1|219.93|0
1238|1|45|2|79.53|5
1238|2|24|1|22.81|0
1238|3|51|3|479.47|0
1238|4|56|1|800.44|5
1239|1|39|1|144.14|20
1239|2|64|1|128.47|0
1240|1|3|4|148.69|0
1240|2|62|1|381.51|0
1240|3|63|1|177.97|0
1240|4|78|6|47.16|0
1240|5|19|4|379.68|0
1240|6|47|5|372.61|25
1241|1|5|2|82.16|0
1241|2|22|6|30.00|15
1241|3|30|1|30.64|20
1242|1|27|3|26.97|0
1242|2|14|4|190.57|0
1242|3|59|6|627.12|0
1242|4|28|2|35.98|20
1243|1|79|1|111.71|0
1243|2|68|3|167.42|15
1244|1|61|1|366.77|0
1244|2|70|1|362.97|0
1244|3|41|1|315.72|0
1244|4|58|2|720.71|0
1245|1|22|2|35.30|0
1246|1|21|4|30.65|25
1246|2|67|1|63.85|0
1246|3|80|3|84.54|25
1246|4|30|6|32.55|15
1247|1|22|1|28.24|20
1247|2|42|1|52.50|20
1247|3|68|1|187.11|5
1248|1|52|3|124.59|0
1248|2|63|4|177.97|0
1248|3|2|1|120.91|0
1248|4|23|2|15.70|0
1248|5|33|1|916.67|0
1248|6|7|3|79.24|0
1249|1|17|4|304.08|0
1250|1|36|4|600.54|0
1250|2|48|1|298.20|0
1250|3|16|1|208.16|25
1250|4|44|1|73.28|0
1251|1|40|2|310.10|0
1252|1|10|4|54.08|0
1253|1|21|1|40.87|0
1253|2|30|1|38.30|0
1253|3|59|4|627.12|0
1253|4|12|4|137.61|0
1253|5|37|2|290.89|0
1253|6|32|1|842.36|5
1253|7|7|1|67.35|15
1254|1|78|3|42.44|10
1254|2|70|1|344.82|5
1255|1|45|3|71.16|15
1255|2|9|3|41.66|0
1255|3|59|1|627.12|0
1256|1|63|1|177.97|0
1256|2|14|2|190.57|0
1256|3|27|1|26.97|0
1256|4|25|1|53.78|5
1256|5|42|3|49.22|25
1257|1|35|2|493.52|0
1257|2|68|1|196.96|0
1258|1|35|1|493.52|0
1258|2|15|2|77.82|0
1258|3|16|2|277.54|0
1258|4|63|2|177.97|0
1259|1|11|6|241.91|10
1260|1|74|6|157.11|0
1260|2|8|1|52.69|0
1261|1|46|1|237.69|10
1261|2|37|1|290.89|0
1262|1|28|1|40.47|10
1263|1|7|1|71.32|10
1264|1|16|1|277.54|0
1265|1|27|1|26.97|0
1266|1|11|3|268.79|0
1266|2|63|6|177.97|0
1266|3|19|2|379.68|0
1267|1|7|1|79.24|0
1267|2|43|4|390.04|0
1267|3|3|1|148.69|0
1267|4|66|1|147.27|0
1268|1|53|3|510.51|0
1269|1|16|1|277.54|0
1269|2|18|1|183.90|5
1269|3|56|2|842.57|0
1269|4|77|1|56.20|10
1269|5|3|3|148.69|0
1270|1|11|2|268.79|0
1270|2|40|1|310.10|0
1270|3|65|1|173.95|0
1271|1|63|1|177.97|0
1271|2|78|3|44.80|5
1272|1|12|2|137.61|0
1272|2|77|2|56.20|10
1272|3|1|4|27.42|0
1272|4|72|1|54.44|5
1273|1|50|1|518.17|0
1274|1|59|1|627.12|0
1274|2|31|1|572.84|0
1274|3|53|1|510.51|0
1275|1|18|1|193.58|0
1275|2|17|3|258.47|15
1275|3|71|3|219.93|0
1276|1|9|2|35.41|15
1276|2|60|1|103.17|5
1277|1|25|1|56.61|0
1277|2|41|3|315.72|0
1278|1|64|3|109.20|15
1278|2|29|1|10.81|5
1278|3|4|4|39.44|0
1279|1|27|3|26.97|0
1279|2|30|1|38.30|0
1280|1|4|1|39.44|0
1280|2|72|3|57.31|0
1280|3|46|4|264.10|0
1280|4|19|3|341.71|10
1281|1|50|1|440.44|15
1281|2|51|1|479.47|0
1281|3|27|3|21.58|20
1282|1|31|1|572.84|0
1283|1|59|1|501.70|20
1283|2|22|4|30.00|15
1284|1|80|1|112.72|0
1284|2|25|5|56.61|0
1284|3|11|5|268.79|0
1284|4|13|2|271.37|25
1284|5|64|1|128.47|0
1284|6|41|3|315.72|0
1285|1|48|3|298.20|0
1285|2|75|3|173.63|0
1286|1|15|1|77.82|0
1287|1|79|1|111.71|0
1288|1|58|1|720.71|0
1288|2|4|2|39.44|0
1288|3|38|1|1260.44|0
1289|1|52|2|105.90|15
1289|2|59|1|533.05|15
1289|3|1|2|27.42|0
1289|4|67|3|60.66|5
1289|5|41|3|315.72|0
1289|6|22|2|30.00|15
1289|7|17|5|288.88|5
1290|1|18|1|193.58|0
1290|2|36|1|600.54|0
1290|3|4|3|37.47|5
1290|4|33|3|870.84|5
1290|5|73|5|194.25|0
1291|1|67|1|63.85|0
1292|1|78|2|47.16|0
1292|2|55|1|66.78|0
1292|3|44|1|65.95|10
1292|4|31|2|486.91|15
1293|1|40|2|310.10|0
1293|2|22|5|35.30|0
1294|1|65|3|173.95|0
1294|2|44|2|65.95|10
1294|3|30|1|38.30|0
1295|1|24|1|21.67|5
1296|1|51|2|479.47|0
1297|1|57|3|708.88|0
1298|1|12|3|137.61|0
1298|2|22|2|35.30|0
1299|1|47|3|496.81|0
1300|1|3|5|133.82|10
1300|2|59|4|595.76|5
1301|1|35|2|468.84|5
1302|1|24|1|22.81|0
1303|1|31|1|429.63|25
1304|1|7|6|79.24|0
1305|1|42|2|65.62|0
1305|2|33|3|779.17|15
1306|1|73|1|194.25|0
1307|1|41|3|315.72|0
1308|1|50|2|518.17|0
1309|1|25|6|42.46|25
1309|2|76|1|183.27|0
1309|3|16|1|277.54|0
1309|4|69|5|203.22|0
1310|1|78|3|47.16|0
1311|1|38|6|1260.44|0
1311|2|27|1|26.97|0
1311|3|23|5|15.70|0
1312|1|1|2|27.42|0
1312|2|32|2|886.69|0
1312|3|23|1|15.70|0
1312|4|22|2|31.77|10
1312|5|37|5|290.89|0
1313|1|10|5|54.08|0
1313|2|79|3|111.71|0
1313|3|34|1|1042.04|0
1313|4|16|6|277.54|0
1313|5|50|2|518.17|0
1313|6|46|3|264.10|0
1313|7|63|1|177.97|0
1313|8|54|2|657.90|0
1314|1|78|1|35.37|25
1314|2|29|1|11.38|0
1314|3|75|3|138.90|20
1314|4|51|6|479.47|0
1314|5|36|3|600.54|0
1315|1|59|1|627.12|0
1315|2|2|1|120.91|0
1315|3|3|5|148.69|0
1315|4|44|1|73.28|0
1315|5|62|1|381.51|0
1315|6|32|1|886.69|0
1315|7|15|1|77.82|0
1315|8|19|4|303.74|20
1316|1|80|3|112.72|0
1317|1|22|2|35.30|0
1317|2|54|1|493.43|25
1317|3|59|4|627.12|0
1317|4|65|1|173.95|0
1317|5|33|1|916.67|0
1318|1|62|2|362.43|5
1318|2|10|1|54.08|0
1319|1|74|4|149.25|5
1320|1|48|2|298.20|0
1320|2|22|6|33.53|5
1320|3|15|1|73.93|5
1321|1|67|2|63.85|0
1321|2|5|3|82.16|0
1321|3|58|4|720.71|0
1321|4|19|5|379.68|0
1322|1|54|1|625.00|5
1323|1|55|4|66.78|0
1323|2|39|3|180.18|0
1324|1|73|2|174.82|10
1325|1|58|4|720.71|0
1325|2|32|6|886.69|0
1326|1|74|3|141.40|10
1327|1|2|2|108.82|10
1327|2|80|5|112.72|0
1328|1|7|1|79.24|0
1328|2|69|1|193.06|5
1328|3|47|1|496.81|0
1328|4|73|1|155.40|20
1328|5|43|4|390.04|0
1328|6|18|1|174.22|10
1329|1|33|3|916.67|0
1330|1|62|4|381.51|0
1331|1|68|5|167.42|15
1332|1|72|2|48.71|15
1332|2|7|1|79.24|0
1332|3|13|2|361.83|0
1332|4|63|6|177.97|0
1332|5|8|3|50.06|5
1332|6|54|2|657.90|0
1333|1|3|1|126.39|15
1334|1|3|1|148.69|0
1335|1|16|3|208.16|25
1336|1|19|1|379.68|0
1336|2|52|2|124.59|0
1336|3|63|4|177.97|0
1336|4|37|1|290.89|0
1336|5|50|2|440.44|15
1337|1|72|1|51.58|10
1337|2|26|1|42.98|20
1337|3|29|1|11.38|0
1337|4|25|2|56.61|0
1337|5|32|1|886.69|0
1338|1|46|1|224.49|15
1339|1|49|1|316.62|20
1340|1|5|3|73.94|10
1340|2|16|1|277.54|0
1340|3|64|1|128.47|0
1340|4|40|1|310.10|0
1340|5|36|1|600.54|0
1340|6|32|3|886.69|0
1341|1|47|2|496.81|0
1341|2|62|1|381.51|0
1341|3|54|3|657.90|0
1341|4|77|2|59.32|5
1341|5|75|1|173.63|0
1341|6|4|1|39.44|0
1341|7|5|4|82.16|0
1341|8|51|5|479.47|0
1342|1|37|2|290.89|0
1342|2|15|3|77.82|0
1342|3|52|4|105.90|15
1342|4|75|6|173.63|0
1343|1|65|2|165.25|5
1343|2|63|6|169.07|5
1343|3|46|3|264.10|0
1343|4|64|1|128.47|0
1344|1|6|1|54.40|0
1344|2|14|1|190.57|0
1344|3|33|2|916.67|0
1344|4|44|1|73.28|0
1344|5|68|4|196.96|0
1344|6|7|2|67.35|15
1345|1|70|2|362.97|0
1345|2|74|5|149.25|5
1345|3|47|6|422.29|15
1346|1|5|1|82.16|0
1346|2|10|2|54.08|0
1347|1|69|4|203.22|0
1347|2|78|1|47.16|0
1347|3|10|1|54.08|0
1348|1|75|1|130.22|25
1348|2|3|1|148.69|0
1349|1|39|1|180.18|0
1350|1|15|5|77.82|0
1350|2|37|4|232.71|20
1350|3|28|3|44.97|0
1350|4|48|2|298.20|0
1350|5|59|3|627.12|0
1350|6|60|1|97.74|10
1351|1|54|2|657.90|0
1351|2|60|1|86.88|20
1351|3|32|5|886.69|0
1352|1|27|1|25.62|5
1353|1|70|4|362.97|0
1353|2|61|2|366.77|0
1354|1|58|1|720.71|0
1354|2|42|1|52.50|20
1354|3|74|5|133.54|15
1354|4|50|1|466.35|10
1355|1|41|1|299.93|5
1355|2|77|5|59.32|5
1356|1|2|2|120.91|0
1356|2|67|2|63.85|0
1356|3|66|1|147.27|0
1357|1|56|4|842.57|0
1357|2|38|1|1260.44|0
1357|3|63|3|177.97|0
1357|4|8|1|44.79|15
1357|5|70|1|362.97|0
1358|1|10|2|54.08|0
1359|1|73|1|174.82|10
1359|2|39|2|162.16|10
1360|1|26|1|53.73|0
1360|2|19|5|379.68|0
1361|1|59|1|627.12|0
1362|1|60|4|108.60|0
1362|2|13|6|343.74|5
1363|1|35|2|493.52|0
1363|2|45|4|62.79|25
1364|1|23|1|15.70|0
1365|1|6|1|48.96|10
1365|2|45|1|83.72|0
1365|3|40|1|294.60|5
1366|1|57|3|708.88|0
1367|1|32|2|798.02|10
1368|1|2|5|120.91|0
1369|1|19|6|379.68|0
1369|2|72|4|42.98|25
1369|3|12|2|137.61|0
1369|4|67|3|63.85|0
1369|5|65|1|165.25|5
1370|1|23|4|15.70|0
1370|2|61|2|366.77|0
1370|3|77|1|56.20|10
1371|1|18|6|193.58|0
1372|1|59|2|595.76|5
1373|1|79|1|89.37|20
1373|2|59|4|533.05|15
1373|3|47|1|496.81|0
1374|1|48|1|298.20|0
1374|2|35|1|493.52|0
1374|3|32|2|886.69|0
1375|1|79|2|111.71|0
1375|2|42|1|55.78|15
1375|3|19|1|379.68|0
1375|4|40|3|310.10|0
1375|5|29|1|11.38|0
1376|1|13|3|361.83|0
1377|1|19|2|379.68|0
1377|2|59|1|627.12|0
1378|1|9|1|33.33|20
1379|1|53|3|510.51|0
1379|2|10|2|54.08|0
1379|3|22|4|35.30|0
1380|1|31|2|544.20|5
1380|2|80|1|112.72|0
1381|1|14|1|190.57|0
1381|2|59|2|627.12|0
1382|1|54|1|592.11|10
1383|1|29|1|9.67|15
1383|2|62|3|343.36|10
1384|1|74|3|157.11|0
1384|2|42|4|49.22|25
1384|3|35|4|493.52|0
1384|4|48|3|298.20|0
1384|5|26|2|40.30|25
1385|1|76|2|183.27|0
1385|2|19|2|379.68|0
1385|3|60|1|108.60|0
1385|4|25|6|56.61|0
1385|5|52|1|124.59|0
1386|1|59|5|564.41|10
1386|2|58|1|720.71|0
1387|1|34|5|1042.04|0
1387|2|4|1|39.44|0
1388|1|7|1|79.24|0
1388|2|10|1|54.08|0
1388|3|26|1|53.73|0
1389|1|55|1|50.09|25
1389|2|2|1|120.91|0
1389|3|80|1|112.72|0
1389|4|51|1|479.47|0
1389|5|76|1|183.27|0
1390|1|17|1|288.88|5
1391|1|68|3|196.96|0
1391|2|55|1|66.78|0
1391|3|65|5|173.95|0
1391|4|5|5|82.16|0
1391|5|21|1|40.87|0
1391|6|9|6|41.66|0
1391|7|73|2|194.25|0
1392|1|28|1|44.97|0
1392|2|3|2|148.69|0
1392|3|18|3|174.22|10
1392|4|32|1|886.69|0
1392|5|49|4|395.78|0
1392|6|37|1|290.89|0
1392|7|12|1|137.61|0
1392|8|24|1|22.81|0
1393|1|74|3|157.11|0
1394|1|31|4|572.84|0
1394|2|60|1|108.60|0
1395|1|55|2|66.78|0
1395|2|30|1|38.30|0
1395|3|70|1|362.97|0
1395|4|69|2|193.06|5
1395|5|38|1|1260.44|0
1396|1|77|5|62.44|0
1397|1|40|1|310.10|0
1397|2|54|2|657.90|0
1397|3|6|2|40.80|25
1398|1|24|1|22.81|0
1398|2|78|1|47.16|0
1398|3|9|1|41.66|0
1398|4|50|1|492.26|5
1398|5|76|3|137.45|25
1399|1|4|1|39.44|0
1400|1|67|1|63.85|0
1400|2|34|1|1042.04|0
1400|3|21|2|40.87|0
1400|4|47|1|471.97|5
1400|5|66|1|147.27|0
1401|1|2|4|120.91|0
1401|2|79|1|111.71|0
1402|1|33|6|916.67|0
1402|2|2|6|120.91|0
1402|3|34|1|781.53|25
1403|1|37|6|290.89|0
1403|2|26|1|53.73|0
1403|3|22|1|31.77|10
1403|4|41|1|315.72|0
1403|5|72|2|57.31|0
1404|1|41|1|252.58|20
1404|2|75|1|173.63|0
1404|3|63|1|151.27|15
1404|4|38|1|1260.44|0
1404|5|79|1|111.71|0
1405|1|77|2|62.44|0
1405|2|32|2|886.69|0
1405|3|73|1|194.25|0
1405|4|40|5|310.10|0
1405|5|31|1|486.91|15
1405|6|23|3|15.70|0
1406|1|34|2|1042.04|0
1406|2|22|2|35.30|0
1406|3|14|6|190.57|0
1407|1|28|1|33.73|25
1407|2|43|3|370.54|5
1407|3|51|6|479.47|0
1407|4|78|2|47.16|0
1407|5|80|1|95.81|15
1407|6|45|1|83.72|0
1408|1|32|3|886.69|0
1408|2|2|1|120.91|0
1409|1|57|1|673.44|5
1409|2|17|1|304.08|0
1409|3|54|3|559.22|15
1409|4|12|1|137.61|0
1409|5|25|1|56.61|0
1409|6|59|1|627.12|0
1410|1|49|3|395.78|0
1410|2|4|1|39.44|0
1411|1|9|1|41.66|0
1411|2|2|1|120.91|0
1412|1|25|4|56.61|0
1413|1|38|6|945.33|25
1413|2|60|5|97.74|10
1413|3|9|5|35.41|15
1413|4|66|1|147.27|0
1414|1|58|1|720.71|0
1414|2|12|4|137.61|0
1414|3|8|1|52.69|0
1415|1|72|1|54.44|5
1416|1|3|4|148.69|0
1416|2|46|1|224.49|15
1416|3|32|3|798.02|10
1417|1|14|2|161.98|15
1417|2|1|1|27.42|0
1417|3|43|2|370.54|5
1417|4|25|2|42.46|25
1418|1|43|2|390.04|0
1419|1|65|5|173.95|0
1420|1|11|3|268.79|0
1420|2|74|2|149.25|5
1420|3|20|1|45.32|0
1420|4|61|3|293.42|20
1421|1|22|1|35.30|0
1421|2|67|1|63.85|0
1421|3|77|2|62.44|0
1422|1|22|1|35.30|0
1422|2|23|1|12.56|20
1422|3|42|1|52.50|20
1423|1|29|1|11.38|0
1423|2|61|1|366.77|0
1423|3|49|2|395.78|0
1423|4|74|2|141.40|10
1424|1|25|3|53.78|5
1425|1|2|1|114.86|5
1425|2|66|2|139.91|5
1425|3|77|1|46.83|25
1425|4|16|2|277.54|0
1426|1|1|6|23.31|15
1426|2|69|2|182.90|10
1427|1|76|5|183.27|0
1427|2|16|3|263.66|5
1428|1|24|3|21.67|5
1428|2|21|2|38.83|5
1428|3|18|5|193.58|0
1429|1|42|2|65.62|0
1430|1|40|1|263.59|15
1430|2|11|1|228.47|15
1430|3|47|1|496.81|0
1430|4|7|3|79.24|0
1430|5|18|1|193.58|0
1431|1|36|4|510.46|15
1431|2|47|1|447.13|10
1431|3|41|1|268.36|15
1431|4|60|2|108.60|0
1432|1|52|3|124.59|0
1432|2|44|1|73.28|0
1433|1|77|1|62.44|0
1433|2|16|1|277.54|0
1433|3|31|3|572.84|0
1433|4|44|3|69.62|5
1434|1|69|4|203.22|0
1434|2|34|3|833.63|20
1435|1|55|1|66.78|0
1435|2|67|1|57.47|10
1436|1|77|1|62.44|0
1436|2|12|1|137.61|0
1436|3|31|4|572.84|0
1436|4|78|4|47.16|0
1436|5|39|1|180.18|0
1436|6|15|3|77.82|0
1436|7|17|2|273.67|10
1437|1|56|3|842.57|0
1437|2|47|2|422.29|15
1437|3|80|1|112.72|0
1438|1|79|1|111.71|0
1438|2|9|1|41.66|0
1438|3|49|1|296.83|25
1438|4|38|1|1260.44|0
1439|1|76|6|164.94|10
1440|1|69|1|203.22|0
1440|2|15|1|77.82|0
1440|3|60|1|108.60|0
1441|1|78|1|47.16|0
1442|1|15|1|77.82|0
1442|2|35|1|468.84|5
1442|3|70|3|344.82|5
1443|1|78|1|47.16|0
1443|2|7|1|79.24|0
1443|3|8|1|52.69|0
1443|4|71|2|219.93|0
1443|5|24|1|19.39|15
1443|6|62|1|381.51|0
1444|1|25|1|53.78|5
1444|2|12|1|137.61|0
1444|3|56|1|842.57|0
1444|4|62|1|381.51|0
1444|5|31|1|515.56|10
1444|6|48|2|298.20|0
1444|7|14|5|152.46|20
1445|1|79|6|111.71|0
1445|2|59|1|627.12|0
1446|1|33|4|916.67|0
1446|2|73|6|194.25|0
1446|3|67|1|63.85|0
1446|4|36|3|600.54|0
1446|5|46|1|250.90|5
1447|1|66|1|147.27|0
1448|1|71|1|219.93|0
1448|2|7|1|79.24|0
1449|1|2|1|120.91|0
1449|2|80|2|101.45|10
1449|3|4|1|39.44|0
1449|4|13|3|325.65|10
1450|1|11|1|268.79|0
1451|1|14|3|190.57|0
1451|2|69|1|172.74|15
1451|3|5|3|82.16|0
1451|4|78|1|47.16|0
1452|1|21|1|40.87|0
1452|2|80|1|95.81|15
1452|3|65|2|130.46|25
1453|1|29|3|10.81|5
1453|2|26|6|53.73|0
1453|3|63|1|169.07|5
1453|4|44|1|65.95|10
1453|5|6|1|54.40|0
1454|1|72|1|57.31|0
1455|1|80|2|112.72|0
1455|2|14|3|181.04|5
1455|3|67|1|54.27|15
1455|4|7|1|75.28|5
1455|5|45|1|75.35|10
1455|6|35|4|370.14|25
1456|1|26|1|53.73|0
1456|2|1|3|27.42|0
1456|3|14|1|152.46|20
1457|1|2|2|108.82|10
1457|2|51|5|479.47|0
1457|3|54|1|526.32|20
1458|1|52|1|105.90|15
1458|2|41|3|315.72|0
1458|3|24|1|22.81|0
1458|4|70|2|362.97|0
1458|5|19|2|360.70|5
1459|1|58|5|720.71|0
1459|2|23|2|15.70|0
1459|3|21|2|40.87|0
1459|4|60|2|103.17|5
1459|5|80|3|107.08|5
1460|1|71|3|219.93|0
1460|2|72|1|57.31|0
1461|1|33|6|733.34|20
1461|2|36|1|600.54|0
1461|3|27|2|26.97|0
1461|4|9|3|41.66|0
1462|1|4|2|35.50|10
1462|2|46|2|264.10|0
1462|3|58|1|648.64|10
1463|1|26|1|53.73|0
1464|1|15|1|77.82|0
1464|2|35|2|493.52|0
1465|1|41|1|315.72|0
1465|2|40|3|279.09|10
1466|1|24|1|22.81|0
1466|2|66|3|147.27|0
1466|3|48|1|253.47|15
1466|4|17|4|304.08|0
1467|1|51|6|479.47|0
1468|1|7|2|79.24|0
1468|2|28|5|44.97|0
1468|3|69|6|203.22|0
1468|4|6|1|48.96|10
1469|1|15|2|77.82|0
1469|2|1|1|21.94|20
1469|3|43|1|370.54|5
1470|1|47|1|496.81|0
1470|2|6|1|54.40|0
1470|3|73|6|194.25|0
1470|4|48|2|298.20|0
1470|5|75|1|173.63|0
1471|1|3|6|148.69|0
1471|2|63|3|169.07|5
1471|3|38|2|1134.40|10
1472|1|42|1|52.50|20
1472|2|41|2|315.72|0
1472|3|9|1|37.49|10
1473|1|69|3|182.90|10
1473|2|51|1|431.52|10
1473|3|29|1|11.38|0
1474|1|8|2|52.69|0
1474|2|14|3|161.98|15
1475|1|71|2|219.93|0
1475|2|14|1|190.57|0
1476|1|71|1|219.93|0
1476|2|32|1|886.69|0
1476|3|75|2|173.63|0
1477|1|53|3|510.51|0
1478|1|39|4|180.18|0
1478|2|58|2|720.71|0
1479|1|38|5|1260.44|0
1479|2|9|3|41.66|0
1479|3|11|4|255.35|5
1480|1|4|1|35.50|10
1481|1|48|1|223.65|25
1482|1|67|4|57.47|10
1482|2|79|1|111.71|0
1482|3|14|1|190.57|0
1483|1|12|2|130.73|5
1483|2|9|2|39.58|5
1483|3|46|1|264.10|0
1483|4|50|2|518.17|0
1484|1|44|3|54.96|25
1484|2|78|1|47.16|0
1484|3|15|2|77.82|0
1484|4|72|1|57.31|0
1485|1|16|1|277.54|0
1485|2|25|2|56.61|0
1486|1|21|5|40.87|0
1486|2|77|1|53.07|15
1486|3|17|2|304.08|0
1486|4|61|1|330.09|10
1486|5|40|2|294.60|5
1486|6|30|2|38.30|0
1486|7|79|2|100.54|10
1487|1|9|1|41.66|0
1487|2|67|2|63.85|0
1488|1|40|2|310.10|0
1489|1|69|3|172.74|15
1489|2|32|1|886.69|0
1490|1|42|4|62.34|5
1491|1|13|1|343.74|5
1491|2|66|1|147.27|0
1492|1|76|2|146.62|20
1492|2|20|2|45.32|0
1492|3|34|3|1042.04|0
1493|1|14|5|181.04|5
1494|1|49|3|395.78|0
1495|1|7|3|75.28|5
1495|2|24|1|21.67|5
1496|1|20|3|45.32|0
1496|2|46|4|264.10|0
1496|3|3|1|126.39|15
1497|1|47|4|496.81|0
1497|2|78|2|47.16|0
1498|1|27|1|24.27|10
1498|2|15|2|77.82|0
1498|3|28|3|38.22|15
1498|4|49|5|375.99|5
1498|5|43|2|331.53|15
1499|1|48|1|298.20|0
1500|1|49|1|395.78|0
1500|2|44|3|73.28|0
1501|1|9|1|33.33|20
1501|2|41|4|315.72|0
1501|3|22|1|35.30|0
1501|4|56|3|758.31|10
1502|1|78|2|47.16|0
1502|2|37|5|261.80|10
1503|1|50|5|518.17|0
1503|2|78|1|47.16|0
1503|3|18|2|193.58|0
1503|4|9|2|41.66|0
1503|5|12|1|137.61|0
1503|6|14|1|190.57|0
1503|7|7|3|63.39|20
1504|1|28|4|44.97|0
1505|1|2|4|102.77|15
1506|1|16|1|277.54|0
1506|2|37|2|290.89|0
1506|3|3|2|148.69|0
1506|4|69|1|203.22|0
1507|1|62|2|362.43|5
1507|2|47|2|496.81|0
1507|3|41|6|315.72|0
1507|4|13|1|361.83|0
1508|1|17|2|273.67|10
1508|2|14|5|190.57|0
1508|3|35|1|493.52|0
1508|4|23|1|15.70|0
1509|1|76|1|183.27|0
1509|2|45|3|83.72|0
1509|3|68|2|187.11|5
1510|1|4|3|37.47|5
1510|2|68|2|196.96|0
1511|1|78|2|40.09|15
1511|2|48|3|298.20|0
1512|1|47|3|496.81|0
1512|2|33|6|916.67|0
1513|1|74|1|141.40|10
1513|2|54|1|625.00|5
1513|3|32|2|886.69|0
1514|1|19|3|379.68|0
1514|2|55|5|60.10|10
1515|1|65|2|165.25|5
1516|1|8|6|52.69|0
1517|1|78|1|47.16|0
1517|2|28|3|44.97|0
1517|3|65|2|173.95|0
1518|1|49|1|395.78|0
1518|2|34|4|781.53|25
1519|1|60|2|97.74|10
1520|1|45|1|83.72|0
1520|2|63|1|177.97|0
1520|3|79|3|111.71|0
1520|4|25|1|56.61|0
1520|5|28|2|40.47|10
1521|1|20|1|38.52|15
1522|1|6|6|46.24|15
1523|1|39|1|180.18|0
1523|2|74|1|157.11|0
1523|3|77|4|62.44|0
1524|1|32|1|842.36|5
1524|2|61|4|366.77|0
1525|1|20|1|45.32|0
1525|2|57|1|708.88|0
1526|1|65|1|165.25|5
1526|2|76|1|155.78|15
1526|3|45|2|83.72|0
1527|1|74|1|157.11|0
1527|2|27|1|26.97|0
1528|1|47|3|372.61|25
1529|1|4|1|37.47|5
1529|2|32|3|798.02|10
1530|1|74|2|157.11|0
1530|2|75|2|173.63|0
1530|3|72|1|57.31|0
1531|1|36|3|600.54|0
1531|2|45|1|83.72|0
1531|3|49|2|395.78|0
1531|4|11|2|268.79|0
1531|5|74|2|157.11|0
1532|1|50|3|518.17|0
1532|2|5|1|82.16|0
1533|1|15|5|77.82|0
1533|2|65|1|165.25|5
1533|3|72|1|54.44|5
1533|4|53|1|510.51|0
1534|1|16|1|277.54|0
1534|2|36|4|600.54|0
1535|1|79|1|111.71|0
1536|1|3|2|148.69|0
1536|2|5|3|82.16|0
1536|3|66|1|147.27|0
1536|4|51|1|479.47|0
1536|5|73|1|184.54|5
1537|1|78|1|47.16|0
1537|2|34|2|1042.04|0
1537|3|8|1|52.69|0
1537|4|37|1|290.89|0
1537|5|3|3|148.69|0
1538|1|75|2|173.63|0
1538|2|72|1|54.44|5
1538|3|70|2|362.97|0
1538|4|28|1|44.97|0
1539|1|46|1|264.10|0
1539|2|47|3|496.81|0
1539|3|48|3|283.29|5
1539|4|62|2|381.51|0
1539|5|28|1|42.72|5
1539|6|22|2|35.30|0
1539|7|27|1|26.97|0
1540|1|75|1|173.63|0
1540|2|36|5|600.54|0
1540|3|27|3|26.97|0
1540|4|76|2|174.11|5
1541|1|72|2|45.85|20
1541|2|32|1|886.69|0
1542|1|53|2|484.98|5
1543|1|24|1|21.67|5
1544|1|51|1|455.50|5
1545|1|67|2|63.85|0
1545|2|15|3|77.82|0
1546|1|31|1|572.84|0
1546|2|9|2|41.66|0
1547|1|20|1|38.52|15
1548|1|77|1|62.44|0
1548|2|20|2|45.32|0
1549|1|13|2|361.83|0
1550|1|71|2|197.94|10
1550|2|4|3|39.44|0
1550|3|27|4|26.97|0
1550|4|5|1|82.16|0
1550|5|2|2|96.73|20
1551|1|42|4|65.62|0
1551|2|70|1|362.97|0
1551|3|65|1|130.46|25
1551|4|72|2|45.85|20
1551|5|11|2|228.47|15
1551|6|50|4|518.17|0
1551|7|57|1|708.88|0
1551|8|61|2|366.77|0
1552|1|18|2|193.58|0
1552|2|45|4|83.72|0
1552|3|22|1|30.00|15
1552|4|59|1|627.12|0
1552|5|32|6|886.69|0
1553|1|66|1|147.27|0
1553|2|43|2|390.04|0
1554|1|59|2|627.12|0
1555|1|49|2|395.78|0
1555|2|77|5|62.44|0
1555|3|50|4|518.17|0
1556|1|42|5|65.62|0
1556|2|63|3|169.07|5
1557|1|1|1|23.31|15
1557|2|65|1|173.95|0
1557|3|49|3|375.99|5
1558|1|50|1|440.44|15
1558|2|47|1|496.81|0
1559|1|14|2|171.51|10
1559|2|32|1|886.69|0
1559|3|73|2|174.82|10
1560|1|47|3|496.81|0
1561|1|19|1|360.70|5
1561|2|77|2|62.44|0
1562|1|21|3|40.87|0
1562|2|61|1|366.77|0
1562|3|9|1|41.66|0
1563|1|40|1|310.10|0
1563|2|17|2|304.08|0
1563|3|55|1|66.78|0
1563|4|74|5|157.11|0
1563|5|53|2|433.93|15
1563|6|1|2|27.42|0
1564|1|74|1|117.83|25
1564|2|41|3|299.93|5
1564|3|53|1|510.51|0
1564|4|42|2|65.62|0
1564|5|28|1|44.97|0
1565|1|62|1|381.51|0
1565|2|75|3|138.90|20
1565|3|2|1|120.91|0
1566|1|6|1|54.40|0
1566|2|11|1|201.59|25
1567|1|80|2|112.72|0
1567|2|73|1|194.25|0
1567|3|58|1|612.60|15
1568|1|16|1|277.54|0
1568|2|25|3|56.61|0
1569|1|26|2|53.73|0
1569|2|13|1|361.83|0
1570|1|40|5|310.10|0
1570|2|79|1|111.71|0
1571|1|33|6|916.67|0
1571|2|64|2|128.47|0
1571|3|58|1|720.71|0
1571|4|50|1|440.44|15
1571|5|43|4|390.04|0
1571|6|69|5|203.22|0
1572|1|77|1|56.20|10
1573|1|54|1|657.90|0
1573|2|7|1|79.24|0
1573|3|31|1|572.84|0
1573|4|70|2|362.97|0
1573|5|36|1|600.54|0
1573|6|68|3|187.11|5
1573|7|27|1|26.97|0
1573|8|18|1|193.58|0
1574|1|31|3|572.84|0
1575|1|30|4|38.30|0
1575|2|29|2|11.38|0
1576|1|59|1|533.05|15
1576|2|29|2|11.38|0
1576|3|1|2|21.94|20
1576|4|18|1|174.22|10
1577|1|47|3|372.61|25
1577|2|24|1|22.81|0
1578|1|78|2|47.16|0
1578|2|13|1|361.83|0
1578|3|68|1|187.11|5
1578|4|4|3|39.44|0
1578|5|37|1|290.89|0
1578|6|28|1|44.97|0
1579|1|31|5|572.84|0
1579|2|33|1|825.00|10
1579|3|42|2|65.62|0
1579|4|28|1|44.97|0
1580|1|48|1|298.20|0
1580|2|50|5|518.17|0
1580|3|16|5|277.54|0
1580|4|73|1|194.25|0
1580|5|58|1|720.71|0
1580|6|17|1|304.08|0
1581|1|68|1|187.11|5
1581|2|3|3|148.69|0
1582|1|14|6|190.57|0
1582|2|30|4|36.38|5
1583|1|73|1|194.25|0
1583|2|29|6|11.38|0
1584|1|4|1|37.47|5
1584|2|53|3|382.88|25
1585|1|72|2|57.31|0
1585|2|39|4|180.18|0
1585|3|68|3|196.96|0
1585|4|79|2|100.54|10
1585|5|4|1|37.47|5
1586|1|67|2|63.85|0
1586|2|2|1|114.86|5
1586|3|79|3|111.71|0
1587|1|53|2|484.98|5
1587|2|63|6|177.97|0
1587|3|52|2|124.59|0
1588|1|43|1|390.04|0
1588|2|22|5|35.30|0
1589|1|45|2|83.72|0
1589|2|37|2|290.89|0
1589|3|64|2|102.78|20
1589|4|49|5|395.78|0
1589|5|72|1|48.71|15
1590|1|10|2|54.08|0
1590|2|1|3|21.94|20
1591|1|61|4|366.77|0
1591|2|60|2|108.60|0
1591|3|68|2|177.26|10
1592|1|80|2|112.72|0
1593|1|1|1|24.68|10
1593|2|32|2|886.69|0
1593|3|13|1|361.83|0
1593|4|31|4|572.84|0
1593|5|6|3|54.40|0
1594|1|4|2|31.55|20
1594|2|16|1|277.54|0
1594|3|6|2|54.40|0
1594|4|49|3|395.78|0
1594|5|79|1|106.12|5
1595|1|57|1|602.55|15
1595|2|77|4|56.20|10
1595|3|42|3|65.62|0
1596|1|38|2|1260.44|0
1596|2|35|1|444.17|10
1597|1|45|1|83.72|0
1597|2|61|2|366.77|0
1597|3|56|3|800.44|5
1597|4|67|4|63.85|0
1598|1|22|2|35.30|0
1599|1|39|1|180.18|0
1600|1|4|1|39.44|0
1600|2|9|3|41.66|0
1600|3|2|1|120.91|0
1600|4|41|6|315.72|0
1600|5|38|1|1134.40|10
1600|6|36|1|600.54|0
1600|7|13|1|361.83|0
1601|1|70|2|362.97|0
1602|1|58|3|720.71|0
1602|2|75|1|173.63|0
1603|1|57|3|708.88|0
1603|2|29|1|11.38|0
1604|1|14|1|190.57|0
1604|2|33|1|825.00|10
1605|1|35|2|419.49|15
1605|2|58|2|648.64|10
1606|1|70|1|362.97|0
1606|2|44|5|58.62|20
1606|3|32|1|886.69|0
1606|4|34|1|781.53|25
1606|5|27|1|26.97|0
1606|6|40|2|310.10|0
1607|1|10|3|45.97|15
1607|2|68|1|196.96|0
1607|3|3|1|148.69|0
1607|4|70|1|326.67|10
1608|1|5|2|82.16|0
1609|1|66|2|147.27|0
1609|2|15|1|77.82|0
1610|1|28|2|40.47|10
1610|2|30|1|38.30|0
1611|1|59|1|627.12|0
1611|2|64|1|128.47|0
1612|1|5|1|82.16|0
1612|2|51|2|479.47|0
1612|3|61|3|366.77|0
1612|4|4|1|39.44|0
1613|1|17|4|304.08|0
1613|2|10|2|54.08|0
1613|3|74|2|157.11|0
1613|4|28|2|44.97|0
1614|1|31|5|572.84|0
1615|1|16|4|277.54|0
1615|2|29|3|9.67|15
1615|3|24|4|19.39|15
1616|1|70|1|290.38|20
1616|2|32|3|886.69|0
1617|1|5|3|82.16|0
1617|2|65|3|156.55|10
1617|3|68|5|177.26|10
1617|4|12|1|116.97|15
1617|5|59|3|627.12|0
1617|6|11|1|268.79|0
1617|7|58|3|720.71|0
1618|1|58|1|648.64|10
1618|2|31|2|458.27|20
1618|3|76|2|183.27|0
1618|4|12|2|137.61|0
1619|1|69|1|203.22|0
1619|2|52|3|105.90|15
1619|3|21|1|40.87|0
1620|1|51|5|479.47|0
1620|2|55|1|60.10|10
1620|3|65|1|173.95|0
1621|1|17|1|304.08|0
1621|2|14|3|190.57|0
1622|1|73|1|194.25|0
1622|2|78|3|47.16|0
1622|3|27|2|26.97|0
1623|1|42|4|52.50|20
1623|2|78|1|42.44|10
1623|3|46|3|264.10|0
1623|4|63|1|177.97|0
1623|5|37|1|290.89|0
1623|6|74|1|157.11|0
1623|7|14|1|190.57|0
1624|1|55|1|53.42|20
1624|2|38|1|1260.44|0
1624|3|11|1|255.35|5
1625|1|32|1|798.02|10
1625|2|42|1|65.62|0
1626|1|47|3|496.81|0
1626|2|22|1|35.30|0
1626|3|62|3|381.51|0
1626|4|41|3|315.72|0
1627|1|73|6|194.25|0
1627|2|71|1|219.93|0
1627|3|11|1|268.79|0
1627|4|17|2|273.67|10
1627|5|14|1|190.57|0
1628|1|44|2|69.62|5
1628|2|55|2|50.09|25
1628|3|50|1|518.17|0
1629|1|15|2|77.82|0
1630|1|37|4|290.89|0
1630|2|61|1|366.77|0
1630|3|40|3|310.10|0
1630|4|20|4|45.32|0
1631|1|20|2|45.32|0
1631|2|58|4|720.71|0
1631|3|31|2|572.84|0
1632|1|75|1|156.27|10
1632|2|48|1|298.20|0
1632|3|67|1|54.27|15
1632|4|12|3|137.61|0
1633|1|60|2|108.60|0
1634|1|70|3|362.97|0
1634|2|17|1|304.08|0
1635|1|14|2|181.04|5
1635|2|11|1|268.79|0
1635|3|72|1|57.31|0
1635|4|52|4|124.59|0
1635|5|65|4|147.86|15
1635|6|24|5|22.81|0
1636|1|77|1|62.44|0
1636|2|31|1|572.84|0
1636|3|73|1|194.25|0
1637|1|55|2|66.78|0
1637|2|35|1|419.49|15
1637|3|28|5|44.97|0
1637|4|30|2|36.38|5
1638|1|29|1|9.67|15
1638|2|10|6|45.97|15
1638|3|13|1|361.83|0
1639|1|57|1|708.88|0
1640|1|68|2|196.96|0
1640|2|7|3|79.24|0
1641|1|19|1|379.68|0
1641|2|59|1|627.12|0
1641|3|78|1|47.16|0
1641|4|10|2|54.08|0
1641|5|58|1|720.71|0
1641|6|57|2|567.10|20
1642|1|76|5|183.27|0
1642|2|9|6|41.66|0
1643|1|63|1|177.97|0
1644|1|69|2|203.22|0
1644|2|20|1|45.32|0
1644|3|35|1|468.84|5
1645|1|51|1|479.47|0
1645|2|78|1|47.16|0
1646|1|27|4|21.58|20
1647|1|61|1|348.43|5
1647|2|11|1|268.79|0
1647|3|51|3|479.47|0
1647|4|26|1|53.73|0
1647|5|13|4|361.83|0
1648|1|75|1|173.63|0
1648|2|36|1|600.54|0
1648|3|41|6|315.72|0
1649|1|28|1|44.97|0
1650|1|30|4|38.30|0
1650|2|22|2|35.30|0
1650|3|32|1|886.69|0
1650|4|60|1|108.60|0
1651|1|1|1|23.31|15
1652|1|66|3|147.27|0
1652|2|49|1|356.20|10
1652|3|56|2|842.57|0
1653|1|10|2|54.08|0
1653|2|48|2|298.20|0
1654|1|65|4|173.95|0
1655|1|32|1|886.69|0
1655|2|50|1|518.17|0
1656|1|12|3|137.61|0
1657|1|74|1|157.11|0
1657|2|79|1|111.71|0
1658|1|36|6|570.51|5
1658|2|1|1|27.42|0
1658|3|16|1|235.91|15
1659|1|64|3|128.47|0
1659|2|25|2|56.61|0
1659|3|66|1|147.27|0
1660|1|14|1|190.57|0
1660|2|76|1|164.94|10
1660|3|2|1|120.91|0
1660|4|40|1|232.57|25
1660|5|34|1|1042.04|0
1661|1|55|3|53.42|20
1661|2|61|1|293.42|20
1662|1|47|1|471.97|5
1662|2|8|2|52.69|0
1663|1|15|2|77.82|0
1664|1|15|2|77.82|0
1664|2|68|1|196.96|0
1665|1|1|1|27.42|0
1665|2|13|2|307.56|15
1665|3|68|1|187.11|5
1665|4|63|3|160.17|10
1665|5|33|1|825.00|10
1666|1|76|6|155.78|15
1666|2|23|1|14.13|10
1667|1|33|1|916.67|0
1667|2|7|2|67.35|15
1667|3|6|3|54.40|0
1668|1|57|1|708.88|0
1668|2|13|4|361.83|0
1669|1|10|1|40.56|25
1670|1|39|1|162.16|10
1670|2|49|1|395.78|0
1671|1|69|1|203.22|0
1671|2|24|1|22.81|0
1672|1|28|3|44.97|0
1672|2|51|1|407.55|15
1673|1|46|2|250.90|5
1674|1|76|5|164.94|10
1674|2|75|1|173.63|0
1674|3|64|2|128.47|0
1675|1|5|1|82.16|0
1675|2|59|1|533.05|15
1675|3|62|2|381.51|0
1675|4|55|1|56.76|15
1675|5|32|4|886.69|0
1675|6|19|3|379.68|0
1676|1|22|2|35.30|0
1677|1|25|1|50.95|10
1677|2|18|1|193.58|0
1678|1|68|4|196.96|0
1679|1|32|2|886.69|0
1679|2|16|4|277.54|0
1679|3|73|1|194.25|0
1679|4|37|1|290.89|0
1680|1|22|1|30.00|15
1681|1|80|2|90.18|20
1681|2|9|3|39.58|5
1681|3|51|1|479.47|0
1681|4|28|3|44.97|0
1682|1|59|2|627.12|0
1682|2|29|2|9.10|20
1682|3|16|2|263.66|5
1682|4|80|1|112.72|0
1682|5|27|5|26.97|0
1683|1|7|2|71.32|10
1683|2|6|2|54.40|0
1683|3|68|6|196.96|0
1683|4|17|5|304.08|0
1683|5|55|3|66.78|0
1684|1|69|6|203.22|0
1685|1|50|2|414.54|20
1685|2|55|2|66.78|0
1686|1|4|3|39.44|0
1686|2|79|2|111.71|0
1686|3|56|1|842.57|0
1687|1|14|1|190.57|0
1688|1|79|3|100.54|10
1688|2|34|4|1042.04|0
1688|3|69|1|203.22|0
1688|4|80|4|112.72|0
1689|1|39|3|180.18|0
1689|2|3|2|148.69|0
1689|3|53|3|510.51|0
1689|4|47|1|496.81|0
1690|1|13|2|361.83|0
1690|2|63|3|177.97|0
1690|3|56|3|842.57|0
1691|1|14|2|190.57|0
1691|2|29|1|9.67|15
1691|3|53|1|484.98|5
1691|4|25|1|45.29|20
1692|1|48|2|298.20|0
1693|1|43|2|390.04|0
1693|2|34|1|937.84|10
1693|3|24|1|17.11|25
1694|1|18|5|193.58|0
1694|2|58|4|720.71|0
1694|3|39|1|180.18|0
1695|1|50|2|518.17|0
1695|2|62|1|381.51|0
1696|1|14|3|190.57|0
1696|2|50|3|518.17|0
1696|3|39|1|180.18|0
1697|1|9|1|41.66|0
1697|2|7|3|79.24|0
1698|1|72|6|57.31|0
1698|2|48|1|283.29|5
1699|1|66|1|110.45|25
1699|2|74|2|133.54|15
1699|3|4|2|39.44|0
1699|4|46|2|264.10|0
1699|5|13|3|361.83|0
1699|6|43|2|390.04|0
1699|7|40|4|310.10|0
1700|1|21|5|40.87|0
1700|2|77|3|49.95|20
1700|3|43|1|370.54|5
1700|4|57|1|708.88|0
1701|1|56|4|842.57|0
1701|2|22|4|26.48|25
1701|3|66|1|132.54|10
1701|4|1|1|26.05|5
1702|1|12|3|137.61|0
1702|2|57|2|602.55|15
1703|1|17|2|273.67|10
1703|2|66|1|117.82|20
1703|3|42|2|52.50|20
1703|4|50|2|518.17|0
1704|1|4|3|39.44|0
1704|2|41|5|315.72|0
1704|3|17|4|304.08|0
1704|4|47|6|496.81|0
1705|1|73|1|194.25|0
1705|2|9|1|41.66|0
1705|3|66|1|147.27|0
1705|4|5|5|82.16|0
1705|5|26|1|48.36|10
1706|1|22|5|35.30|0
1706|2|23|1|15.70|0
1707|1|69|1|172.74|15
1707|2|39|4|180.18|0
1707|3|42|1|65.62|0
1708|1|76|1|137.45|25
1708|2|71|1|219.93|0
1709|1|48|1|298.20|0
1709|2|58|1|720.71|0
1709|3|75|2|173.63|0
1710|1|69|6|193.06|5
1710|2|1|1|27.42|0
1710|3|11|3|268.79|0
1711|1|41|1|315.72|0
1711|2|80|6|112.72|0
1711|3|68|1|196.96|0
1711|4|61|1|366.77|0
1711|5|11|1|268.79|0
1712|1|23|2|14.91|5
1712|2|52|2|112.13|10
1712|3|43|1|370.54|5
1712|4|37|3|247.26|15
1712|5|7|1|79.24|0
1712|6|60|2|108.60|0
1712|7|54|1|657.90|0
1712|8|27|1|26.97|0
1713|1|22|3|35.30|0
1714|1|55|1|66.78|0
1714|2|24|1|20.53|10
1715|1|10|1|54.08|0
1715|2|62|2|362.43|5
1715|3|75|4|147.59|15
1715|4|32|1|886.69|0
1715|5|38|1|1260.44|0
1715|6|50|2|518.17|0
1716|1|75|1|138.90|20
1717|1|42|1|65.62|0
1717|2|72|1|54.44|5
1718|1|17|6|258.47|15
1718|2|10|4|54.08|0
1718|3|73|1|194.25|0
1719|1|33|2|916.67|0
1719|2|47|3|496.81|0
1719|3|62|4|381.51|0
1720|1|10|1|51.38|5
1721|1|28|2|42.72|5
1722|1|21|2|40.87|0
1723|1|28|4|44.97|0
1723|2|56|4|842.57|0
1723|3|22|2|35.30|0
1723|4|72|2|57.31|0
1723|5|36|1|600.54|0
1723|6|45|2|75.35|10
1724|1|18|6|193.58|0
1724|2|69|1|193.06|5
1724|3|74|1|133.54|15
1724|4|40|4|310.10|0
1724|5|13|3|343.74|5
1725|1|49|5|316.62|20
1725|2|68|4|196.96|0
1725|3|80|3|84.54|25
1725|4|20|2|45.32|0
1726|1|6|2|54.40|0
1727|1|52|1|124.59|0
1727|2|53|1|510.51|0
1727|3|42|2|65.62|0
1727|4|66|3|147.27|0
1727|5|34|3|937.84|10
1727|6|23|1|12.56|20
1727|7|10|1|54.08|0
1727|8|73|5|194.25|0
1728|1|2|2|120.91|0
1728|2|55|1|66.78|0
1728|3|70|3|362.97|0
1728|4|63|1|160.17|10
1729|1|36|3|600.54|0
1729|2|4|1|39.44|0
1729|3|34|2|1042.04|0
1729|4|74|2|149.25|5
1730|1|2|3|120.91|0
1730|2|49|1|395.78|0
1730|3|4|1|31.55|20
1731|1|76|1|183.27|0
1731|2|66|2|147.27|0
1732|1|71|5|219.93|0
1732|2|15|2|77.82|0
1732|3|37|1|290.89|0
1732|4|5|4|82.16|0
1733|1|47|2|496.81|0
1733|2|68|1|167.42|15
1734|1|29|2|11.38|0
1734|2|51|3|479.47|0
1735|1|29|2|10.81|5
1736|1|12|1|137.61|0
1736|2|67|2|47.89|25
1736|3|40|2|310.10|0
1737|1|67|2|63.85|0
1737|2|8|2|52.69|0
1738|1|74|1|117.83|25
1738|2|55|2|60.10|10
1739|1|67|3|57.47|10
1740|1|16|4|249.79|10
1741|1|39|5|162.16|10
1741|2|80|3|112.72|0
1741|3|37|4|290.89|0
1742|1|62|2|381.51|0
1742|2|37|4|290.89|0
1743|1|80|3|112.72|0
1743|2|40|5|310.10|0
1744|1|25|2|45.29|20
1744|2|46|2|264.10|0
1744|3|8|1|50.06|5
1745|1|63|2|177.97|0
1745|2|21|2|40.87|0
1745|3|5|1|82.16|0
1745|4|46|1|264.10|0
1745|5|39|2|180.18|0
1745|6|14|2|190.57|0
1746|1|64|1|128.47|0
1747|1|66|2|147.27|0
1747|2|41|2|315.72|0
1747|3|75|3|173.63|0
1748|1|60|2|108.60|0
1748|2|72|1|57.31|0
1748|3|30|1|38.30|0
1749|1|19|1|379.68|0
1749|2|9|3|41.66|0
1749|3|31|1|572.84|0
1750|1|74|4|157.11|0
1750|2|69|1|203.22|0
1750|3|14|2|181.04|5
1750|4|11|2|268.79|0
1751|1|6|1|54.40|0
1751|2|9|1|41.66|0
1752|1|61|3|366.77|0
1752|2|5|1|65.73|20
1752|3|51|4|479.47|0
1753|1|57|1|708.88|0
1753|2|59|4|627.12|0
1754|1|27|2|25.62|5
1755|1|66|2|125.18|15
1755|2|77|1|62.44|0
1755|3|16|6|235.91|15
1756|1|76|3|155.78|15
1756|2|7|1|79.24|0
1756|3|59|1|627.12|0
1756|4|61|1|366.77|0
1756|5|10|1|48.67|10
1757|1|78|2|47.16|0
1757|2|17|2|304.08|0
1757|3|15|4|77.82|0
1757|4|47|2|496.81|0
1758|1|47|3|496.81|0
1758|2|74|1|141.40|10
1759|1|51|1|407.55|15
1759|2|20|5|45.32|0
1759|3|41|1|315.72|0
1760|1|39|1|180.18|0
1760|2|3|2|148.69|0
1760|3|27|1|26.97|0
1760|4|50|5|466.35|10
1760|5|57|3|708.88|0
1761|1|29|1|11.38|0
1761|2|31|1|544.20|5
1762|1|23|4|15.70|0
1762|2|24|4|18.25|20
1762|3|27|1|26.97|0
1762|4|15|3|77.82|0
1763|1|19|1|379.68|0
1763|2|1|5|26.05|5
1764|1|80|1|101.45|10
1764|2|73|3|194.25|0
1765|1|74|3|133.54|15
1765|2|52|1|124.59|0
1765|3|11|4|268.79|0
1766|1|27|2|26.97|0
1766|2|30|1|38.30|0
1767|1|31|1|572.84|0
1767|2|38|1|1260.44|0
1767|3|36|1|600.54|0
1767|4|69|1|203.22|0
1767|5|79|2|111.71|0
1768|1|24|4|22.81|0
1768|2|39|1|180.18|0
1768|3|1|2|23.31|15
1768|4|77|5|62.44|0
1769|1|67|3|63.85|0
1769|2|43|2|390.04|0
1769|3|23|1|11.78|25
1770|1|18|1|183.90|5
1770|2|63|1|177.97|0
1771|1|37|1|290.89|0
1771|2|3|4|148.69|0
1771|3|27|2|24.27|10
1771|4|51|4|479.47|0
1772|1|52|2|124.59|0
1772|2|69|1|182.90|10
1772|3|57|2|673.44|5
1772|4|4|1|37.47|5
1773|1|66|1|147.27|0
1773|2|28|1|44.97|0
1774|1|50|2|492.26|5
1774|2|70|2|362.97|0
1774|3|12|3|137.61|0
1774|4|69|1|203.22|0
1775|1|32|1|753.69|15
1775|2|9|1|41.66|0
1775|3|17|2|304.08|0
1775|4|2|1|120.91|0
1775|5|69|1|203.22|0
1775|6|30|2|38.30|0
1776|1|38|1|1008.35|20
1776|2|3|4|148.69|0
1776|3|13|2|307.56|15
1777|1|46|4|264.10|0
1777|2|25|3|56.61|0
1777|3|77|1|62.44|0
1777|4|17|1|304.08|0
1778|1|21|2|40.87|0
1778|2|36|1|570.51|5
1779|1|11|1|268.79|0
1779|2|59|3|627.12|0
1779|3|21|1|40.87|0
1779|4|7|1|79.24|0
1780|1|67|1|63.85|0
1780|2|66|3|147.27|0
1781|1|22|1|33.53|5
1781|2|30|5|38.30|0
1782|1|73|2|194.25|0
1783|1|17|2|304.08|0
1783|2|55|2|66.78|0
1784|1|45|1|83.72|0
1784|2|7|6|79.24|0
1785|1|37|6|247.26|15
1785|2|64|2|128.47|0
1786|1|59|2|501.70|20
1786|2|5|6|82.16|0
1786|3|77|5|59.32|5
1786|4|26|1|53.73|0
1787|1|71|1|186.94|15
1788|1|62|1|324.28|15
1788|2|39|2|171.17|5
1789|1|47|1|471.97|5
1790|1|56|1|716.18|15
1791|1|66|4|147.27|0
1791|2|76|4|174.11|5
1792|1|21|2|40.87|0
1792|2|8|1|50.06|5
1792|3|26|4|51.04|5
1793|1|7|2|79.24|0
1793|2|27|1|21.58|20
1794|1|52|2|124.59|0
1795|1|12|2|137.61|0
1795|2|18|3|193.58|0
1795|3|51|3|383.58|20
1796|1|45|2|83.72|0
1796|2|4|2|39.44|0
1796|3|41|1|315.72|0
1797|1|78|3|47.16|0
1797|2|39|3|180.18|0
1797|3|73|2|194.25|0
1798|1|58|2|684.67|5
1799|1|67|6|63.85|0
1799|2|4|2|35.50|10
1800|1|21|2|38.83|5
1800|2|10|1|54.08|0
1800|3|22|1|35.30|0
1800|4|19|1|379.68|0
1801|1|52|1|124.59|0
1801|2|8|4|52.69|0
1801|3|50|3|466.35|10
1802|1|3|4|148.69|0
1803|1|11|1|268.79|0
1803|2|33|4|916.67|0
1803|3|40|6|263.59|15
1803|4|4|3|39.44|0
1803|5|51|4|479.47|0
1804|1|22|3|35.30|0
1804|2|50|1|518.17|0
1805|1|20|1|45.32|0
1805|2|28|1|44.97|0
1806|1|74|2|157.11|0
1806|2|23|1|15.70|0
1806|3|64|2|128.47|0
1806|4|73|2|194.25|0
1807|1|12|1|137.61|0
1807|2|44|5|54.96|25
1807|3|63|3|177.97|0
1807|4|58|5|720.71|0
1807|5|69|1|203.22|0
1808|1|40|4|263.59|15
1809|1|34|3|1042.04|0
1809|2|64|1|128.47|0
1810|1|57|1|673.44|5
1810|2|73|4|165.11|15
1810|3|67|2|57.47|10
1811|1|80|1|112.72|0
1811|2|4|6|39.44|0
1812|1|6|3|54.40|0
1813|1|76|4|183.27|0
1813|2|34|2|1042.04|0
1814|1|43|4|351.04|10
1815|1|58|1|720.71|0
1815|2|59|2|595.76|5
1815|3|62|2|381.51|0
1816|1|66|1|147.27|0
1816|2|53|1|510.51|0
1816|3|4|1|39.44|0
1817|1|20|3|45.32|0
1817|2|31|2|515.56|10
1817|3|7|4|79.24|0
1817|4|5|3|82.16|0
1817|5|40|2|310.10|0
1818|1|19|1|379.68|0
1818|2|6|1|43.52|20
1819|1|26|3|53.73|0
1820|1|41|4|315.72|0
1820|2|42|1|65.62|0
1821|1|24|4|22.81|0
1822|1|38|6|1260.44|0
1823|1|80|4|112.72|0
1824|1|33|2|916.67|0
1824|2|37|3|290.89|0
1825|1|76|1|164.94|10
1825|2|6|3|54.40|0
1826|1|58|4|684.67|5
1826|2|22|1|35.30|0
1826|3|41|1|315.72|0
1827|1|12|5|137.61|0
1827|2|64|1|128.47|0
1828|1|14|4|190.57|0
1828|2|5|1|82.16|0
1828|3|72|4|54.44|5
1828|4|39|2|162.16|10
1828|5|6|4|51.68|5
1828|6|49|3|395.78|0
1828|7|52|2|124.59|0
1828|8|4|3|39.44|0
1829|1|49|1|395.78|0
1829|2|1|3|24.68|10
1829|3|44|3|62.29|15
1829|4|8|2|52.69|0
1830|1|42|5|65.62|0
1830|2|71|1|219.93|0
1830|3|80|1|101.45|10
1831|1|5|4|82.16|0
1831|2|54|1|657.90|0
1832|1|72|3|57.31|0
1832|2|28|4|42.72|5
1833|1|60|4|81.45|25
1833|2|4|3|39.44|0
1834|1|48|1|298.20|0
1834|2|64|1|122.05|5
1834|3|71|1|164.95|25
1834|4|34|1|1042.04|0
1834|5|15|2|77.82|0
1834|6|47|5|496.81|0
1835|1|68|4|196.96|0
1835|2|71|3|219.93|0
1835|3|34|1|1042.04|0
1835|4|50|1|466.35|10
1836|1|28|1|44.97|0
1836|2|12|1|137.61|0
1836|3|59|2|627.12|0
1836|4|19|1|341.71|10
1837|1|72|2|45.85|20
1837|2|45|1|83.72|0
1838|1|14|2|190.57|0
1838|2|59|1|564.41|10
1839|1|51|1|479.47|0
1839|2|11|1|268.79|0
1839|3|53|3|510.51|0
1840|1|74|1|117.83|25
1840|2|25|1|56.61|0
1840|3|72|3|57.31|0
1840|4|53|1|510.51|0
1841|1|62|2|381.51|0
1841|2|23|6|15.70|0
1842|1|64|3|128.47|0
1842|2|74|4|157.11|0
1842|3|62|4|381.51|0
1843|1|75|5|173.63|0
1843|2|9|3|41.66|0
1843|3|30|3|38.30|0
1843|4|31|3|572.84|0
1843|5|74|6|157.11|0
1844|1|48|2|238.56|20
1844|2|63|6|177.97|0
1844|3|68|1|196.96|0
1844|4|9|4|41.66|0
1844|5|69|2|203.22|0
1844|6|25|2|56.61|0
1844|7|66|3|147.27|0
1845|1|71|1|208.93|5
1845|2|80|2|112.72|0
1845|3|56|3|631.93|25
1845|4|50|1|518.17|0
1845|5|60|1|81.45|25
1845|6|2|1|120.91|0
1846|1|18|3|193.58|0
1846|2|76|1|146.62|20
1846|3|47|3|496.81|0
1846|4|54|2|625.00|5
1846|5|60|1|108.60|0
1846|6|36|1|600.54|0
1847|1|61|2|366.77|0
1847|2|66|4|147.27|0
1848|1|24|1|22.81|0
1849|1|7|2|71.32|10
1850|1|39|1|180.18|0
1851|1|51|5|455.50|5
1852|1|31|1|486.91|15
1852|2|71|1|219.93|0
1852|3|50|1|518.17|0
1852|4|1|1|27.42|0
1852|5|56|1|842.57|0
1852|6|48|1|298.20|0
1853|1|39|3|180.18|0
1853|2|66|2|139.91|5
1853|3|45|2|83.72|0
1853|4|70|3|362.97|0
1853|5|69|2|203.22|0
1853|6|47|5|496.81|0
1853|7|78|3|37.73|20
1854|1|55|2|56.76|15
1855|1|29|3|8.54|25
1855|2|11|1|268.79|0
1855|3|18|2|193.58|0
1855|4|10|1|51.38|5
1855|5|46|1|264.10|0
1855|6|7|6|79.24|0
1856|1|12|1|137.61|0
1856|2|51|1|479.47|0
1856|3|67|1|63.85|0
1856|4|32|3|886.69|0
1857|1|62|4|381.51|0
1857|2|25|2|56.61|0
1857|3|12|3|137.61|0
1857|4|65|3|173.95|0
1858|1|12|2|123.85|10
1858|2|79|2|111.71|0
1859|1|14|2|190.57|0
1860|1|41|2|315.72|0
1860|2|12|2|130.73|5
1861|1|28|2|44.97|0
1861|2|78|1|47.16|0
1861|3|14|1|190.57|0
1862|1|71|4|186.94|15
1863|1|67|1|63.85|0
1863|2|34|2|885.73|15
1863|3|35|1|419.49|15
1863|4|71|2|219.93|0
1863|5|73|3|194.25|0
1864|1|70|6|272.23|25
1865|1|35|2|493.52|0
1866|1|76|3|164.94|10
1866|2|69|1|203.22|0
1867|1|80|3|112.72|0
1867|2|64|2|115.62|10
1868|1|7|5|79.24|0
1868|2|63|2|169.07|5
1868|3|47|2|496.81|0
1868|4|35|1|493.52|0
1868|5|10|1|40.56|25
1868|6|64|1|128.47|0
1868|7|33|3|916.67|0
1869|1|58|1|720.71|0
1869|2|59|1|627.12|0
1869|3|19|1|284.76|25
1869|4|42|1|65.62|0
1870|1|52|1|99.67|20
1870|2|46|2|264.10|0
1871|1|40|3|310.10|0
1871|2|23|1|15.70|0
1871|3|34|3|937.84|10
1872|1|26|1|53.73|0
1873|1|79|2|111.71|0
1873|2|42|1|65.62|0
1873|3|21|4|36.78|10
1873|4|58|3|612.60|15
1873|5|28|1|42.72|5
1873|6|71|1|219.93|0
1874|1|22|4|35.30|0
1874|2|54|2|625.00|5
1874|3|57|2|708.88|0
1874|4|53|1|510.51|0
1874|5|79|1|111.71|0
1875|1|30|1|38.30|0
1875|2|57|2|708.88|0
1875|3|3|1|148.69|0
1876|1|71|4|219.93|0
1876|2|8|5|47.42|10
1877|1|28|1|44.97|0
1877|2|71|2|208.93|5
1878|1|1|1|27.42|0
1878|2|78|1|37.73|20
1878|3|10|2|43.26|20
1879|1|65|6|156.55|10
1879|2|23|1|14.91|5
1879|3|69|2|172.74|15
1880|1|14|1|190.57|0
1881|1|19|1|379.68|0
1881|2|24|1|22.81|0
1882|1|18|1|193.58|0
1882|2|55|1|66.78|0
1883|1|69|4|203.22|0
1884|1|70|2|362.97|0
1884|2|49|3|395.78|0
1885|1|17|1|288.88|5
1885|2|69|3|203.22|0
1885|3|31|1|572.84|0
1885|4|56|1|842.57|0
1885|5|44|3|69.62|5
1885|6|34|1|1042.04|0
1886|1|34|3|937.84|10
1886|2|23|1|12.56|20
1886|3|41|1|315.72|0
1886|4|53|1|408.41|20
1886|5|54|3|526.32|20
1887|1|79|1|83.78|25
1887|2|21|4|40.87|0
1887|3|65|5|130.46|25
1888|1|61|3|366.77|0
1888|2|42|2|59.06|10
1889|1|68|1|187.11|5
1889|2|70|2|362.97|0
1890|1|39|1|144.14|20
1891|1|66|3|147.27|0
1891|2|76|2|146.62|20
1891|3|72|4|57.31|0
1891|4|77|3|62.44|0
1891|5|36|1|600.54|0
1892|1|37|4|290.89|0
1892|2|41|1|315.72|0
1892|3|11|1|255.35|5
1893|1|71|1|219.93|0
1893|2|11|2|268.79|0
1894|1|9|2|41.66|0
1894|2|2|2|120.91|0
1894|3|54|1|526.32|20
1894|4|68|3|196.96|0
1895|1|8|2|52.69|0
1896|1|14|1|190.57|0
1896|2|72|1|57.31|0
1896|3|50|4|518.17|0
1896|4|57|1|637.99|10
1897|1|42|2|65.62|0
1897|2|61|1|348.43|5
1898|1|28|5|44.97|0
1898|2|23|4|15.70|0
1898|3|77|3|62.44|0
1899|1|17|3|304.08|0
1899|2|11|2|268.79|0
1900|1|73|1|194.25|0
1900|2|43|5|351.04|10
1900|3|75|2|173.63|0
1900|4|32|2|886.69|0
1900|5|79|1|111.71|0
1900|6|63|2|169.07|5
1901|1|36|2|600.54|0
1901|2|46|1|211.28|20
1901|3|60|1|108.60|0
1901|4|47|2|496.81|0
1901|5|16|1|277.54|0
1902|1|42|2|65.62|0
1903|1|59|1|627.12|0
1903|2|24|4|22.81|0
1903|3|18|1|193.58|0
1903|4|34|1|1042.04|0
1903|5|74|3|157.11|0
1903|6|7|4|79.24|0
1904|1|77|1|62.44|0
1904|2|28|2|44.97|0
1904|3|63|2|177.97|0
1905|1|71|1|186.94|15
1905|2|35|1|493.52|0
1906|1|11|4|268.79|0
1906|2|47|2|496.81|0
1907|1|48|1|283.29|5
1907|2|21|2|40.87|0
1908|1|60|6|81.45|25
1909|1|49|1|395.78|0
1909|2|20|2|36.26|20
1910|1|60|1|108.60|0
1910|2|34|4|1042.04|0
1911|1|29|3|11.38|0
1911|2|7|2|79.24|0
1912|1|42|2|65.62|0
1913|1|41|2|315.72|0
1913|2|80|1|112.72|0
1914|1|38|4|1071.37|15
1914|2|58|1|720.71|0
1914|3|62|5|324.28|15
1914|4|45|1|83.72|0
1915|1|3|4|148.69|0
1915|2|20|1|45.32|0
1916|1|50|4|518.17|0
1916|2|12|1|137.61|0
1916|3|66|2|147.27|0
1916|4|4|1|39.44|0
1916|5|70|2|344.82|5
1917|1|60|1|97.74|10
1918|1|71|2|219.93|0
1918|2|5|2|78.05|5
1918|3|47|4|496.81|0
1919|1|64|2|102.78|20
1919|2|68|2|196.96|0
1919|3|49|1|336.41|15
1919|4|53|1|510.51|0
1919|5|58|2|720.71|0
1920|1|27|1|21.58|20
1921|1|9|2|31.24|25
1922|1|45|1|83.72|0
1923|1|74|3|157.11|0
1923|2|53|2|510.51|0
1923|3|34|1|1042.04|0
1923|4|18|4|193.58|0
1924|1|22|2|35.30|0
1924|2|71|5|208.93|5
1925|1|63|2|160.17|10
1926|1|77|1|62.44|0
1926|2|61|3|366.77|0
1926|3|6|4|54.40|0
1927|1|31|1|458.27|20
1928|1|39|2|180.18|0
1928|2|20|1|45.32|0
1928|3|44|1|73.28|0
1929|1|3|2|148.69|0
1929|2|29|2|10.81|5
1929|3|62|5|381.51|0
1930|1|79|1|111.71|0
1930|2|40|3|310.10|0
1931|1|74|1|157.11|0
1931|2|66|2|147.27|0
1932|1|49|1|395.78|0
1933|1|76|1|183.27|0
1933|2|10|1|54.08|0
1934|1|58|2|720.71|0
1934|2|51|1|479.47|0
1934|3|9|5|39.58|5
1934|4|30|1|32.55|15
1935|1|5|2|82.16|0
1936|1|10|1|54.08|0
1936|2|5|2|65.73|20
1937|1|68|1|196.96|0
1937|2|38|1|1260.44|0
1938|1|51|1|479.47|0
1938|2|34|2|781.53|25
1939|1|53|5|459.46|10
1939|2|56|2|842.57|0
1940|1|28|1|44.97|0
1940|2|77|1|62.44|0
1940|3|42|5|65.62|0
1941|1|26|2|53.73|0
1941|2|19|4|379.68|0
1941|3|62|1|381.51|0
1941|4|29|1|10.81|5
1942|1|45|1|83.72|0
1942|2|5|2|61.62|25
1942|3|67|1|60.66|5
1942|4|66|4|147.27|0
1942|5|21|1|38.83|5
1942|6|4|1|39.44|0
1942|7|2|1|120.91|0
1942|8|80|2|112.72|0
1943|1|40|3|310.10|0
1943|2|67|1|63.85|0
1944|1|40|2|294.60|5
1945|1|69|3|203.22|0
1945|2|79|1|111.71|0
1945|3|59|1|627.12|0
1945|4|56|1|842.57|0
1945|5|67|1|63.85|0
1946|1|72|1|57.31|0
1946|2|38|2|1008.35|20
1947|1|40|3|310.10|0
1947|2|54|6|657.90|0
1947|3|67|6|63.85|0
1947|4|59|6|627.12|0
1947|5|42|3|65.62|0
1947|6|36|5|600.54|0
1948|1|16|1|249.79|10
1949|1|74|1|157.11|0
1949|2|35|1|493.52|0
1949|3|44|1|65.95|10
1950|1|18|4|193.58|0
1950|2|7|1|79.24|0
1951|1|69|1|193.06|5
1951|2|3|1|133.82|10
1951|3|37|1|290.89|0
1951|4|10|2|54.08|0
1951|5|32|1|886.69|0
1951|6|66|1|147.27|0
1951|7|26|2|53.73|0
1952|1|21|2|40.87|0
1952|2|8|1|52.69|0
1953|1|46|1|264.10|0
1954|1|28|1|44.97|0
1954|2|37|2|290.89|0
1954|3|51|3|479.47|0
1954|4|17|1|243.26|20
1954|5|61|1|366.77|0
1955|1|22|3|35.30|0
1956|1|3|1|148.69|0
1957|1|67|5|63.85|0
1957|2|71|1|219.93|0
1957|3|51|1|479.47|0
1957|4|75|1|173.63|0
1957|5|64|3|128.47|0
1957|6|69|1|203.22|0
1957|7|14|1|190.57|0
1957|8|79|1|111.71|0
1958|1|57|3|708.88|0
1958|2|5|1|82.16|0
1958|3|50|1|518.17|0
1958|4|78|1|47.16|0
1958|5|47|2|496.81|0
1958|6|25|5|50.95|10
1958|7|19|1|360.70|5
1959|1|56|2|800.44|5
1959|2|52|1|124.59|0
1959|3|25|1|56.61|0
1959|4|58|3|684.67|5
1960|1|38|1|1260.44|0
1960|2|2|6|102.77|15
1961|1|6|1|48.96|10
1961|2|53|1|510.51|0
1961|3|71|1|219.93|0
1961|4|58|5|720.71|0
1961|5|17|4|304.08|0
1961|6|67|1|63.85|0
1961|7|72|2|57.31|0
1962|1|37|2|290.89|0
1963|1|41|5|315.72|0
1964|1|70|2|344.82|5
1964|2|7|2|79.24|0
1964|3|15|2|77.82|0
1964|4|20|2|45.32|0
1965|1|4|2|37.47|5
1965|2|73|3|174.82|10
1965|3|23|1|15.70|0
1965|4|40|2|310.10|0
1966|1|53|1|459.46|10
1967|1|1|2|27.42|0
1967|2|13|1|361.83|0
1967|3|41|1|315.72|0
1967|4|34|1|885.73|15
1968|1|4|1|39.44|0
1968|2|55|1|66.78|0
1968|3|19|3|360.70|5
1968|4|52|3|124.59|0
1969|1|56|5|674.06|20
1970|1|64|1|128.47|0
1970|2|36|2|600.54|0
1971|1|5|1|82.16|0
1971|2|71|2|219.93|0
1971|3|73|1|194.25|0
1971|4|60|2|108.60|0
1972|1|77|1|46.83|25
1972|2|13|5|361.83|0
1973|1|22|1|35.30|0
1973|2|6|1|54.40|0
1974|1|76|3|146.62|20
1974|2|29|2|11.38|0
1974|3|73|1|194.25|0
1974|4|61|4|366.77|0
1974|5|14|1|190.57|0
1975|1|18|1|164.54|15
1975|2|22|5|30.00|15
1976|1|33|1|779.17|15
1976|2|12|2|137.61|0
1976|3|51|2|479.47|0
1977|1|73|2|184.54|5
1977|2|13|1|361.83|0
1977|3|23|5|15.70|0
1977|4|66|3|132.54|10
1978|1|73|2|165.11|15
1979|1|58|6|720.71|0
1979|2|29|1|11.38|0
1979|3|44|1|73.28|0
1980|1|37|1|290.89|0
1980|2|1|1|27.42|0
1980|3|32|1|753.69|15
1980|4|15|6|77.82|0
1981|1|54|1|526.32|20
1981|2|16|2|277.54|0
1981|3|33|2|916.67|0
1982|1|13|2|361.83|0
1982|2|60|1|97.74|10
1982|3|48|3|298.20|0
1983|1|22|1|35.30|0
1983|2|52|1|124.59|0
1983|3|4|1|39.44|0
1983|4|53|1|510.51|0
1983|5|20|3|43.05|5
1984|1|25|1|56.61|0
1984|2|80|2|107.08|5
1985|1|31|2|572.84|0
1985|2|58|5|720.71|0
1986|1|33|1|916.67|0
1986|2|31|1|572.84|0
1986|3|25|2|56.61|0
1987|1|58|3|684.67|5
1987|2|69|1|203.22|0
1988|1|63|1|177.97|0
1988|2|74|1|133.54|15
1988|3|29|1|11.38|0
1989|1|39|2|180.18|0
1989|2|2|2|120.91|0
1989|3|15|1|77.82|0
1990|1|39|2|180.18|0
1990|2|20|1|45.32|0
1990|3|68|2|196.96|0
1990|4|63|6|177.97|0
1991|1|56|3|842.57|0
1991|2|32|1|886.69|0
1991|3|63|2|177.97|0
1992|1|67|2|60.66|5
1992|2|51|2|479.47|0
1993|1|80|2|107.08|5
1993|2|64|2|128.47|0
1994|1|64|1|128.47|0
1994|2|63|1|177.97|0
1994|3|33|1|916.67|0
1995|1|19|1|379.68|0
1995|2|41|4|315.72|0
1995|3|76|3|174.11|5
1996|1|48|1|223.65|25
1996|2|78|1|47.16|0
1997|1|79|2|111.71|0
1997|2|54|1|657.90|0
1998|1|43|1|370.54|5
1998|2|9|3|39.58|5
1999|1|35|1|394.82|20
1999|2|41|1|315.72|0
1999|3|43|1|390.04|0
1999|4|31|1|572.84|0
2000|1|79|1|111.71|0
2000|2|9|1|41.66|0
2000|3|12|6|137.61|0
2000|4|6|3|54.40|0
2000|5|50|1|518.17|0
2001|1|64|4|128.47|0
2002|1|40|1|310.10|0
2002|2|59|1|595.76|5
2002|3|15|3|77.82|0
2003|1|75|2|173.63|0
2003|2|32|1|798.02|10
2004|1|31|1|572.84|0
2004|2|37|2|290.89|0
2004|3|15|2|77.82|0
2004|4|19|4|379.68|0
2004|5|47|4|496.81|0
2005|1|63|5|177.97|0
2006|1|30|2|38.30|0
2006|2|3|4|118.95|20
2006|3|47|1|496.81|0
2006|4|76|2|164.94|10
2006|5|51|2|479.47|0
2007|1|55|1|66.78|0
2007|2|61|6|366.77|0
2007|3|30|1|38.30|0
2008|1|28|1|38.22|15
2008|2|70|2|362.97|0
2008|3|21|2|40.87|0
2009|1|46|2|250.90|5
2009|2|17|3|304.08|0
2009|3|74|6|157.11|0
2010|1|55|2|66.78|0
2010|2|45|1|83.72|0
2010|3|49|1|395.78|0
2010|4|63|1|177.97|0
2011|1|25|1|56.61|0
2011|2|76|5|183.27|0
2011|3|43|2|390.04|0
2011|4|27|1|26.97|0
2012|1|29|2|11.38|0
2012|2|40|2|232.57|25
2012|3|12|3|137.61|0
2012|4|47|1|496.81|0
2012|5|63|1|177.97|0
2012|6|5|2|82.16|0
2012|7|1|1|27.42|0
2013|1|77|2|62.44|0
2013|2|43|1|312.03|20
2013|3|57|1|602.55|15
2013|4|39|1|180.18|0
2014|1|4|1|37.47|5
2014|2|12|1|137.61|0
2014|3|74|2|141.40|10
2015|1|12|2|137.61|0
2015|2|48|2|298.20|0
2015|3|45|2|83.72|0
2015|4|52|1|124.59|0
2015|5|61|3|366.77|0
2015|6|7|1|79.24|0
2015|7|24|2|18.25|20
2016|1|31|3|572.84|0
2016|2|32|1|886.69|0
2016|3|45|2|83.72|0
2016|4|19|3|379.68|0
2017|1|76|4|183.27|0
2017|2|7|1|75.28|5
2017|3|54|3|657.90|0
2017|4|63|5|177.97|0
2018|1|17|1|304.08|0
2018|2|25|2|56.61|0
2018|3|41|1|268.36|15
2019|1|70|2|362.97|0
2020|1|75|1|173.63|0
2020|2|46|1|250.90|5
2020|3|12|1|137.61|0
2020|4|36|3|570.51|5
2021|1|76|1|183.27|0
2021|2|54|2|657.90|0
2022|1|8|2|52.69|0
2023|1|49|1|395.78|0
2023|2|57|1|708.88|0
2023|3|14|1|190.57|0
2024|1|18|2|193.58|0
2025|1|60|3|97.74|10
2026|1|38|1|945.33|25
2026|2|29|1|11.38|0
2026|3|37|5|290.89|0
2026|4|4|2|39.44|0
2026|5|63|1|177.97|0
2027|1|23|5|13.35|15
2027|2|28|3|44.97|0
2028|1|25|3|53.78|5
2028|2|33|3|916.67|0
2028|3|38|2|1260.44|0
2029|1|13|1|325.65|10
2029|2|21|2|40.87|0
2029|3|14|2|190.57|0
2029|4|63|1|177.97|0
2030|1|75|1|173.63|0
2030|2|9|1|35.41|15
2030|3|45|1|71.16|15
2030|4|61|2|366.77|0
2031|1|65|3|173.95|0
2032|1|9|1|31.24|25
2033|1|63|3|169.07|5
2033|2|80|5|90.18|20
2033|3|32|1|886.69|0
2033|4|19|1|379.68|0
2033|5|60|2|108.60|0
2034|1|21|1|36.78|10
2034|2|59|2|595.76|5
2035|1|65|1|173.95|0
2035|2|11|5|268.79|0
2036|1|33|1|916.67|0
2037|1|54|4|657.90|0
2037|2|15|2|77.82|0
2037|3|48|3|268.38|10
2037|4|68|1|196.96|0
2038|1|59|6|564.41|10
2038|2|52|1|124.59|0
2038|3|5|5|82.16|0
2038|4|51|2|479.47|0
2038|5|61|1|366.77|0
2038|6|11|1|268.79|0
2038|7|73|2|194.25|0
2038|8|25|1|56.61|0
2039|1|22|1|31.77|10
2039|2|80|3|112.72|0
2039|3|48|3|298.20|0
2039|4|76|4|174.11|5
2040|1|34|2|1042.04|0
2041|1|7|2|79.24|0
2041|2|48|1|253.47|15
2041|3|46|1|264.10|0
2041|4|56|4|800.44|5
2041|5|35|1|493.52|0
2042|1|61|1|366.77|0
2043|1|63|2|160.17|10
2043|2|71|1|219.93|0
2043|3|40|3|310.10|0
2044|1|20|1|40.79|10
2044|2|75|1|173.63|0
2044|3|51|1|407.55|15
2045|1|68|3|196.96|0
2045|2|44|1|73.28|0
2045|3|3|4|148.69|0
2045|4|30|1|38.30|0
2045|5|13|1|361.83|0
2046|1|8|2|52.69|0
2046|2|27|2|26.97|0
2047|1|72|2|57.31|0
2048|1|79|1|94.95|15
2048|2|59|3|627.12|0
2048|3|54|2|657.90|0
2048|4|19|1|341.71|10
2048|5|62|2|324.28|15
2048|6|64|5|128.47|0
2049|1|70|1|362.97|0
2049|2|37|2|290.89|0
2049|3|41|1|268.36|15
2050|1|22|3|35.30|0
2051|1|49|1|395.78|0
2052|1|67|2|63.85|0
2052|2|22|1|26.48|25
2053|1|24|4|22.81|0
2053|2|59|1|627.12|0
2053|3|51|2|479.47|0
2053|4|1|3|27.42|0
2053|5|36|2|600.54|0
2054|1|26|3|53.73|0
2054|2|12|2|137.61|0
2055|1|41|3|315.72|0
2056|1|15|2|77.82|0
2056|2|1|6|27.42|0
2056|3|39|2|180.18|0
2057|1|52|1|124.59|0
2057|2|53|1|484.98|5
2057|3|5|3|82.16|0
2057|4|59|1|627.12|0
2057|5|66|1|147.27|0
2058|1|26|1|53.73|0
2058|2|54|2|657.90|0
2058|3|74|4|157.11|0
2058|4|9|4|37.49|10
2058|5|75|6|173.63|0
2058|6|35|4|493.52|0
2058|7|5|2|82.16|0
2058|8|57|1|708.88|0
2059|1|65|3|173.95|0
2060|1|68|1|196.96|0
2060|2|39|3|180.18|0
2061|1|23|3|15.70|0
2062|1|35|2|493.52|0
2062|2|1|5|21.94|20
2062|3|5|4|82.16|0
2063|1|29|1|10.81|5
2063|2|75|2|173.63|0
2063|3|73|1|194.25|0
2064|1|76|2|183.27|0
2064|2|59|1|627.12|0
2065|1|15|3|70.04|10
2065|2|49|1|395.78|0
2065|3|30|1|38.30|0
2066|1|50|1|518.17|0
2066|2|53|3|510.51|0
2066|3|63|1|177.97|0
2067|1|25|1|56.61|0
2067|2|2|2|120.91|0
2067|3|73|5|194.25|0
2068|1|37|2|290.89|0
2068|2|41|6|315.72|0
2068|3|2|2|120.91|0
2068|4|66|2|147.27|0
2069|1|28|1|42.72|5
2070|1|36|1|600.54|0
2071|1|25|2|56.61|0
2072|1|5|2|82.16|0
2072|2|40|2|310.10|0
2072|3|10|3|54.08|0
2073|1|19|1|379.68|0
2073|2|27|3|20.23|25
2073|3|56|2|674.06|20
2074|1|28|4|44.97|0
2074|2|21|2|38.83|5
2075|1|49|4|395.78|0
2076|1|27|1|26.97|0
2077|1|44|2|73.28|0
2077|2|26|1|45.67|15
2078|1|54|4|526.32|20
2078|2|71|1|219.93|0
2078|3|64|2|128.47|0
2078|4|80|1|95.81|15
2078|5|7|3|79.24|0
2078|6|36|1|600.54|0
2079|1|18|3|193.58|0
2079|2|9|3|41.66|0
2079|3|45|2|83.72|0
2080|1|45|1|83.72|0
2080|2|16|1|277.54|0
2080|3|52|5|124.59|0
2080|4|69|1|203.22|0
2080|5|23|4|15.70|0
2081|1|36|2|600.54|0
2081|2|55|2|66.78|0
2081|3|6|2|46.24|15
2081|4|1|1|24.68|10
2081|5|64|1|128.47|0
2081|6|73|1|194.25|0
2081|7|28|1|44.97|0
2082|1|66|1|125.18|15
2083|1|69|1|203.22|0
2083|2|11|2|241.91|10
2083|3|56|2|800.44|5
2083|4|13|1|307.56|15
2083|5|1|3|27.42|0
2083|6|73|2|194.25|0
2084|1|67|2|63.85|0
2085|1|22|6|30.00|15
2085|2|4|1|29.58|25
2085|3|32|1|886.69|0
2085|4|1|3|27.42|0
2085|5|80|1|101.45|10
2086|1|76|1|155.78|15
2086|2|7|1|63.39|20
2086|3|9|1|41.66|0
2087|1|77|5|62.44|0
2087|2|3|1|133.82|10
2087|3|51|2|479.47|0
2087|4|30|5|36.38|5
2087|5|78|1|47.16|0
2087|6|45|3|83.72|0
2088|1|48|4|298.20|0
2088|2|38|1|1260.44|0
2088|3|60|5|108.60|0
2089|1|27|1|26.97|0
2089|2|53|2|510.51|0
2089|3|71|1|219.93|0
2090|1|35|1|394.82|20
2091|1|12|1|137.61|0
2091|2|63|2|169.07|5
2092|1|50|3|518.17|0
2092|2|63|1|160.17|10
2092|3|60|1|108.60|0
2092|4|80|2|107.08|5
2092|5|64|1|128.47|0
2093|1|64|2|102.78|20
2093|2|9|2|41.66|0
2093|3|52|1|124.59|0
2094|1|5|4|73.94|10
2094|2|31|1|458.27|20
2095|1|71|1|197.94|10
2095|2|3|1|148.69|0
2095|3|80|1|90.18|20
2095|4|74|5|141.40|10
2095|5|32|1|886.69|0
2095|6|56|1|842.57|0
2095|7|75|2|173.63|0
2096|1|61|1|366.77|0
2096|2|19|1|379.68|0
2096|3|41|2|315.72|0
2097|1|54|1|657.90|0
2097|2|26|2|53.73|0
2097|3|69|3|203.22|0
2097|4|24|2|22.81|0
2098|1|21|1|36.78|10
2099|1|70|2|362.97|0
2099|2|3|1|148.69|0
2100|1|38|3|1260.44|0
2100|2|43|1|370.54|5
2100|3|2|1|120.91|0
2101|1|4|6|39.44|0
2101|2|40|3|294.60|5
2101|3|53|1|510.51|0
2102|1|43|1|390.04|0
2102|2|78|2|47.16|0
2103|1|73|2|194.25|0
2104|1|48|5|298.20|0
2105|1|33|1|825.00|10
2105|2|53|1|510.51|0
2106|1|19|1|379.68|0
2106|2|8|1|52.69|0
2106|3|68|2|196.96|0
2106|4|31|1|515.56|10
2107|1|80|2|112.72|0
2107|2|68|4|196.96|0
2108|1|5|1|82.16|0
2108|2|71|3|197.94|10
2109|1|25|1|56.61|0
2110|1|34|1|989.94|5
2110|2|72|3|45.85|20
2110|3|18|2|193.58|0
2110|4|53|1|510.51|0
2111|1|71|2|219.93|0
2111|2|6|1|54.40|0
2112|1|68|1|196.96|0
2113|1|76|1|155.78|15
2114|1|4|3|39.44|0
2115|1|55|1|66.78|0
2115|2|52|3|124.59|0
2115|3|33|1|825.00|10
2115|4|17|2|304.08|0
2115|5|12|1|137.61|0
2115|6|74|1|149.25|5
2115|7|50|1|518.17|0
2116|1|24|1|21.67|5
2116|2|74|1|149.25|5
2117|1|66|1|125.18|15
2117|2|73|5|194.25|0
2117|3|70|1|362.97|0
2117|4|10|3|54.08|0
2117|5|41|2|315.72|0
2118|1|28|1|44.97|0
2118|2|47|3|496.81|0
2119|1|63|1|177.97|0
2119|2|2|2|120.91|0
2119|3|50|6|518.17|0
2119|4|47|1|447.13|10
2119|5|22|1|35.30|0
2119|6|41|1|315.72|0
2119|7|12|1|137.61|0
2120|1|31|5|572.84|0
2120|2|52|2|124.59|0
2120|3|14|1|190.57|0
2121|1|67|1|63.85|0
2121|2|26|5|53.73|0
2121|3|3|1|133.82|10
2122|1|76|3|183.27|0
2122|2|69|6|162.58|20
2123|1|20|1|43.05|5
2124|1|22|4|35.30|0
2124|2|57|1|708.88|0
2124|3|62|5|343.36|10
2124|4|26|2|53.73|0
2125|1|69|1|203.22|0
2125|2|46|1|264.10|0
2125|3|59|1|627.12|0
2125|4|76|2|183.27|0
2126|1|26|1|53.73|0
2126|2|37|1|290.89|0
2127|1|72|3|54.44|5
2127|2|19|2|379.68|0
2127|3|25|1|56.61|0
2128|1|4|2|39.44|0
2128|2|48|1|298.20|0
2129|1|7|1|67.35|15
2129|2|5|3|82.16|0
2129|3|72|5|57.31|0
2130|1|38|1|1260.44|0
2130|2|39|1|162.16|10
2131|1|37|1|290.89|0
2131|2|76|4|164.94|10
2131|3|35|3|444.17|10
2131|4|70|1|362.97|0
2132|1|69|1|203.22|0
2133|1|69|1|203.22|0
2133|2|7|1|79.24|0
2133|3|25|2|56.61|0
2133|4|19|1|379.68|0
2133|5|5|1|82.16|0
2133|6|70|1|362.97|0
2133|7|42|1|65.62|0
2134|1|7|3|79.24|0
2134|2|53|3|510.51|0
2134|3|24|1|22.81|0
2135|1|38|1|1071.37|15
2135|2|63|1|151.27|15
2135|3|54|3|657.90|0
2136|1|14|1|190.57|0
2137|1|38|3|1260.44|0
2137|2|19|2|322.73|15
2137|3|69|1|182.90|10
2138|1|53|1|510.51|0
2139|1|45|1|75.35|10
2139|2|14|4|190.57|0
2139|3|69|1|203.22|0
2139|4|44|2|69.62|5
2140|1|15|6|77.82|0
2140|2|53|3|510.51|0
2141|1|19|1|379.68|0
2141|2|27|1|26.97|0
2141|3|72|1|48.71|15
2141|4|63|2|151.27|15
2142|1|7|3|79.24|0
2142|2|22|4|35.30|0
2142|3|49|1|375.99|5
2143|1|5|6|65.73|20
2143|2|80|2|112.72|0
2144|1|49|1|395.78|0
2144|2|50|1|518.17|0
2144|3|54|6|657.90|0
2144|4|79|5|106.12|5
2144|5|1|2|23.31|15
2144|6|13|4|361.83|0
2145|1|38|1|1260.44|0
2145|2|76|5|183.27|0
2146|1|54|4|592.11|10
2147|1|75|2|173.63|0
2148|1|17|2|258.47|15
2148|2|19|1|379.68|0
2148|3|42|3|65.62|0
2148|4|34|1|1042.04|0
2148|5|13|1|361.83|0
2148|6|74|1|157.11|0
2148|7|71|2|219.93|0
2149|1|10|1|54.08|0
2150|1|29|5|11.38|0
2151|1|51|3|431.52|10
2152|1|6|2|54.40|0
2152|2|71|2|219.93|0
2152|3|54|1|657.90|0
2152|4|9|1|37.49|10
2153|1|44|1|73.28|0
2153|2|75|1|173.63|0
2153|3|68|1|196.96|0
2153|4|47|1|496.81|0
2153|5|9|4|41.66|0
2154|1|45|1|83.72|0
2154|2|32|1|886.69|0
2154|3|67|2|54.27|15
2155|1|65|1|165.25|5
2155|2|25|1|56.61|0
2156|1|75|2|173.63|0
2156|2|12|1|130.73|5
2156|3|53|4|484.98|5
2156|4|73|1|194.25|0
2156|5|10|5|54.08|0
2156|6|69|2|203.22|0
2157|1|74|1|157.11|0
2157|2|37|1|247.26|15
2158|1|66|4|147.27|0
2158|2|71|3|219.93|0
2159|1|56|1|842.57|0
2159|2|70|1|362.97|0
2159|3|52|2|124.59|0
2159|4|15|2|77.82|0
2160|1|38|2|1260.44|0
2161|1|78|1|35.37|25
2161|2|69|6|162.58|20
2162|1|41|2|315.72|0
2162|2|10|1|54.08|0
2163|1|16|3|277.54|0
2163|2|19|1|379.68|0
2163|3|37|1|290.89|0
2164|1|46|2|198.07|25
2164|2|53|2|484.98|5
2165|1|76|1|137.45|25
2165|2|59|1|627.12|0
2165|3|12|2|137.61|0
2166|1|42|3|62.34|5
2166|2|45|1|83.72|0
2167|1|71|2|208.93|5
2167|2|33|2|916.67|0
2167|3|62|3|362.43|5
2167|4|20|1|43.05|5
2168|1|48|2|298.20|0
2168|2|37|1|290.89|0
2169|1|14|3|190.57|0
2170|1|59|3|627.12|0
2170|2|1|1|27.42|0
2170|3|21|3|38.83|5
2170|4|80|4|112.72|0
2171|1|70|1|362.97|0
2172|1|56|3|842.57|0
2172|2|66|2|147.27|0
2172|3|43|2|351.04|10
2173|1|67|2|54.27|15
2173|2|27|2|25.62|5
2173|3|50|1|518.17|0
2173|4|49|3|375.99|5
2173|5|43|3|390.04|0
2174|1|6|2|51.68|5
2175|1|58|6|720.71|0
2176|1|13|4|289.46|20
2176|2|5|6|82.16|0
2176|3|77|1|59.32|5
2177|1|15|2|77.82|0
2178|1|73|4|174.82|10
2179|1|9|1|41.66|0
2180|1|28|2|44.97|0
2180|2|9|1|41.66|0
2181|1|55|5|66.78|0
2181|2|10|2|54.08|0
2182|1|62|2|381.51|0
2183|1|50|4|518.17|0
2184|1|45|5|83.72|0
2184|2|34|5|1042.04|0
2185|1|80|1|112.72|0
2185|2|17|2|304.08|0
2186|1|47|4|496.81|0
2186|2|17|2|304.08|0
2187|1|31|2|572.84|0
2187|2|49|3|395.78|0
2187|3|11|1|268.79|0
2187|4|20|1|45.32|0
2187|5|74|1|157.11|0
2187|6|61|2|366.77|0
2188|1|29|2|11.38|0
2188|2|52|1|112.13|10
2188|3|18|1|174.22|10
2189|1|40|1|310.10|0
2189|2|48|1|298.20|0
2190|1|65|1|147.86|15
2190|2|14|1|190.57|0
2191|1|9|2|41.66|0
2191|2|74|1|157.11|0
2192|1|75|3|164.95|5
2192|2|47|3|496.81|0
2193|1|38|1|1260.44|0
2193|2|71|1|186.94|15
2194|1|9|3|41.66|0
2194|2|15|5|77.82|0
2194|3|78|2|44.80|5
2195|1|10|1|54.08|0
2195|2|15|1|77.82|0
2195|3|69|2|203.22|0
2195|4|74|1|157.11|0
2196|1|25|6|53.78|5
2197|1|40|6|263.59|15
2197|2|17|2|304.08|0
2197|3|19|1|379.68|0
2197|4|67|1|63.85|0
2197|5|47|1|496.81|0
2198|1|23|1|15.70|0
2198|2|3|4|141.26|5
2198|3|70|4|272.23|25
2199|1|69|1|193.06|5
2199|2|4|1|39.44|0
2199|3|62|2|381.51|0
2199|4|14|2|190.57|0
2200|1|59|2|595.76|5
2201|1|64|5|128.47|0
2201|2|39|5|180.18|0
2202|1|35|4|493.52|0
2203|1|46|6|264.10|0
2203|2|51|1|407.55|15
2204|1|30|1|38.30|0
2205|1|37|1|290.89|0
2205|2|13|2|361.83|0
2205|3|7|2|79.24|0
2206|1|51|2|479.47|0
2207|1|40|1|294.60|5
2207|2|5|1|82.16|0
2208|1|53|1|510.51|0
2208|2|38|3|1134.40|10
2209|1|40|1|294.60|5
2209|2|11|1|268.79|0
2210|1|66|2|147.27|0
2210|2|78|1|40.09|15
2210|3|4|1|39.44|0
2210|4|69|2|172.74|15
2211|1|53|1|484.98|5
2212|1|47|2|496.81|0
2212|2|1|2|23.31|15
2212|3|72|1|48.71|15
2213|1|68|3|196.96|0
2213|2|79|4|106.12|5
2214|1|55|1|66.78|0
2215|1|44|2|69.62|5
2215|2|42|3|65.62|0
2216|1|70|5|272.23|25
2216|2|51|1|479.47|0
2216|3|58|1|576.57|20
2217|1|37|1|290.89|0
2217|2|74|1|157.11|0
2217|3|59|1|627.12|0
2217|4|47|3|496.81|0
2218|1|61|1|366.77|0
2218|2|51|1|479.47|0
2219|1|57|1|708.88|0
2219|2|77|1|62.44|0
2219|3|1|2|27.42|0
2219|4|20|4|45.32|0
2219|5|56|1|631.93|25
2219|6|5|1|82.16|0
2220|1|76|1|183.27|0
2220|2|74|2|157.11|0
2221|1|12|1|137.61|0
2222|1|42|1|55.78|15
2222|2|20|1|36.26|20
2222|3|19|2|379.68|0
2222|4|32|1|886.69|0
2222|5|11|3|268.79|0
2223|1|29|1|11.38|0
2223|2|51|1|479.47|0
2223|3|13|4|361.83|0
2224|1|70|1|362.97|0
2225|1|11|3|228.47|15
2225|2|44|4|73.28|0
2225|3|56|1|842.57|0
2225|4|10|1|54.08|0
2226|1|8|4|44.79|15
2226|2|76|2|183.27|0
2227|1|38|1|1260.44|0
2227|2|30|1|38.30|0
2227|3|62|2|343.36|10
2227|4|70|1|344.82|5
2227|5|53|2|382.88|25
2228|1|45|1|83.72|0
2228|2|58|1|720.71|0
2229|1|74|1|157.11|0
2229|2|57|1|708.88|0
2229|3|33|2|825.00|10
2230|1|3|1|133.82|10
2230|2|11|1|201.59|25
2230|3|24|2|20.53|10
2230|4|29|2|11.38|0
2230|5|8|1|52.69|0
2231|1|67|5|63.85|0
2231|2|45|1|83.72|0
2231|3|9|2|41.66|0
2231|4|53|2|510.51|0
2232|1|57|3|708.88|0
2232|2|49|1|375.99|5
2233|1|53|3|459.46|10
2234|1|79|4|89.37|20
2234|2|10|1|54.08|0
2234|3|74|1|157.11|0
2235|1|54|1|625.00|5
2236|1|11|2|268.79|0
2236|2|52|2|124.59|0
2236|3|8|1|50.06|5
2237|1|77|4|53.07|15
2238|1|10|1|51.38|5
2238|2|75|2|173.63|0
2239|1|59|2|564.41|10
2240|1|70|3|362.97|0
2240|2|57|3|708.88|0
2240|3|19|2|379.68|0
2240|4|25|1|56.61|0
2240|5|18|3|174.22|10
2241|1|57|1|708.88|0
2241|2|21|1|40.87|0
2241|3|2|6|96.73|20
2241|4|12|1|116.97|15
2241|5|25|3|56.61|0
2242|1|26|2|53.73|0
2242|2|39|1|180.18|0
2242|3|31|3|544.20|5
2242|4|48|2|298.20|0
2243|1|32|1|798.02|10
2243|2|39|1|180.18|0
2243|3|15|4|77.82|0
2243|4|74|3|149.25|5
2243|5|46|5|264.10|0
2243|6|78|2|42.44|10
2244|1|16|4|277.54|0
2245|1|57|2|708.88|0
2245|2|61|2|348.43|5
2245|3|9|2|39.58|5
2245|4|10|5|54.08|0
2246|1|31|1|572.84|0
2246|2|42|3|65.62|0
2247|1|79|4|111.71|0
2248|1|3|1|148.69|0
2248|2|38|1|1260.44|0
2248|3|17|2|258.47|15
2248|4|7|3|79.24|0
2248|5|74|1|157.11|0
2248|6|12|2|103.21|25
2249|1|71|1|219.93|0
2249|2|36|2|600.54|0
2250|1|4|2|39.44|0
2250|2|71|1|219.93|0
2250|3|1|3|27.42|0
2250|4|22|2|26.48|25
2250|5|47|1|496.81|0
2251|1|66|1|125.18|15
2252|1|41|2|315.72|0
2252|2|38|6|1071.37|15
2252|3|23|1|15.70|0
2252|4|61|3|366.77|0
2252|5|31|5|572.84|0
2252|6|63|1|177.97|0
2252|7|73|2|184.54|5
2253|1|56|1|842.57|0
2253|2|65|3|147.86|15
2253|3|15|2|77.82|0
2254|1|43|1|390.04|0
2254|2|57|1|673.44|5
2254|3|74|1|157.11|0
2255|1|59|1|627.12|0
2255|2|38|2|1008.35|20
2255|3|45|4|79.53|5
2255|4|69|3|203.22|0
2256|1|73|1|194.25|0
2257|1|12|2|137.61|0
2258|1|38|3|1260.44|0
2258|2|10|1|54.08|0
2258|3|79|2|100.54|10
2259|1|79|3|111.71|0
2259|2|56|1|842.57|0
2259|3|29|2|11.38|0
2260|1|27|2|26.97|0
2261|1|52|4|112.13|10
2261|2|62|1|305.21|20
2262|1|65|1|173.95|0
2262|2|54|1|559.22|15
2263|1|44|1|73.28|0
2263|2|22|3|35.30|0
2263|3|63|1|177.97|0
2264|1|10|1|54.08|0
2264|2|29|3|11.38|0
2265|1|39|6|180.18|0
2265|2|14|1|161.98|15
2265|3|12|1|137.61|0
2265|4|58|3|720.71|0
2266|1|39|1|180.18|0
2266|2|10|2|54.08|0
2266|3|15|1|66.15|15
2266|4|79|3|111.71|0
2266|5|52|1|124.59|0
2267|1|12|1|137.61|0
2267|2|3|4|148.69|0
2267|3|14|1|181.04|5
2267|4|19|1|379.68|0
2267|5|58|3|720.71|0
2268|1|12|1|123.85|10
2268|2|68|1|196.96|0
2268|3|10|1|54.08|0
2268|4|63|3|177.97|0
2269|1|23|6|15.70|0
2270|1|4|4|39.44|0
2270|2|70|1|272.23|25
2271|1|21|1|40.87|0
2271|2|56|5|842.57|0
2271|3|8|2|50.06|5
2272|1|27|4|26.97|0
2273|1|18|4|183.90|5
2273|2|79|5|89.37|20
2274|1|40|1|310.10|0
2274|2|68|5|196.96|0
2275|1|33|2|916.67|0
2275|2|62|2|381.51|0
2276|1|73|1|194.25|0
2276|2|66|2|147.27|0
2276|3|13|1|361.83|0
2276|4|53|1|510.51|0
2277|1|29|1|11.38|0
2277|2|32|6|886.69|0
2277|3|37|1|247.26|15
2278|1|52|2|112.13|10
2278|2|24|1|22.81|0
2279|1|60|3|108.60|0
2279|2|63|5|177.97|0
2279|3|80|1|101.45|10
2279|4|13|1|361.83|0
2279|5|42|1|65.62|0
2279|6|25|4|56.61|0
2280|1|12|4|137.61|0
2280|2|11|2|268.79|0
2280|3|7|2|79.24|0
2281|1|44|2|73.28|0
2281|2|57|6|708.88|0
2281|3|3|2|148.69|0
2281|4|50|1|388.63|25
2281|5|54|1|657.90|0
2282|1|7|1|79.24|0
2283|1|15|2|70.04|10
2283|2|13|1|325.65|10
2283|3|31|5|572.84|0
2284|1|21|2|38.83|5
2284|2|18|1|193.58|0
2284|3|72|3|57.31|0
2284|4|51|2|479.47|0
2284|5|70|1|362.97|0
2285|1|76|1|183.27|0
2285|2|44|1|62.29|15
2286|1|61|4|311.75|15
2286|2|12|1|103.21|25
2286|3|11|1|268.79|0
2286|4|21|2|40.87|0
2286|5|73|3|194.25|0
2286|6|51|2|479.47|0
2287|1|3|2|141.26|5
2287|2|4|1|39.44|0
2287|3|19|1|379.68|0
2288|1|7|1|79.24|0
2288|2|5|3|82.16|0
2288|3|27|1|26.97|0
2288|4|44|1|73.28|0
2288|5|8|2|44.79|15
2288|6|73|3|194.25|0
2289|1|74|1|157.11|0
2290|1|56|1|842.57|0
2291|1|57|1|708.88|0
2291|2|13|4|361.83|0
2291|3|10|2|51.38|5
2291|4|66|1|147.27|0
2291|5|61|1|348.43|5
2292|1|24|1|22.81|0
2293|1|63|4|177.97|0
2293|2|37|4|261.80|10
2293|3|54|1|657.90|0
2294|1|49|1|395.78|0
2295|1|56|2|842.57|0
2296|1|62|1|381.51|0
2296|2|38|1|1260.44|0
2296|3|35|1|493.52|0
2296|4|18|1|154.86|20
2296|5|76|4|183.27|0
2297|1|40|6|310.10|0
2297|2|15|6|77.82|0
2297|3|21|2|40.87|0
2298|1|27|2|26.97|0
2299|1|32|1|886.69|0
2299|2|4|1|35.50|10
2299|3|21|6|40.87|0
2300|1|13|1|361.83|0
2300|2|67|4|63.85|0
2300|3|40|1|310.10|0
2300|4|23|2|15.70|0
2301|1|69|4|203.22|0
2302|1|67|1|60.66|5
2302|2|26|2|53.73|0
2302|3|36|3|600.54|0
2303|1|27|2|26.97|0
2303|2|78|2|40.09|15
2303|3|76|3|174.11|5
2303|4|63|6|177.97|0
2303|5|34|3|989.94|5
2303|6|17|1|304.08|0
2304|1|51|1|479.47|0
2304|2|76|2|183.27|0
2304|3|12|4|137.61|0
2304|4|9|2|37.49|10
2304|5|66|2|147.27|0
2305|1|62|1|381.51|0
2305|2|46|1|250.90|5
2306|1|52|1|124.59|0
2307|1|5|2|82.16|0
2308|1|6|1|40.80|25
2308|2|58|1|720.71|0
2309|1|63|1|177.97|0
2309|2|26|2|40.30|25
2309|3|78|2|42.44|10
2310|1|53|2|510.51|0
2310|2|27|1|26.97|0
2310|3|20|3|45.32|0
2311|1|44|1|62.29|15
2311|2|30|2|28.73|25
2312|1|54|5|657.90|0
2312|2|56|5|842.57|0
2313|1|78|2|35.37|25
2313|2|63|1|177.97|0
2313|3|71|1|219.93|0
2314|1|35|1|493.52|0
2314|2|62|1|381.51|0
2314|3|53|2|484.98|5
2314|4|38|1|1260.44|0
2314|5|48|1|268.38|10
2315|1|38|1|1071.37|15
2315|2|27|4|24.27|10
2315|3|78|1|37.73|20
2316|1|52|1|124.59|0
2316|2|16|3|277.54|0
2316|3|56|1|842.57|0
2316|4|65|1|165.25|5
2317|1|52|1|124.59|0
2318|1|31|1|544.20|5
2318|2|24|1|22.81|0
2319|1|2|1|96.73|20
2319|2|44|1|73.28|0
2319|3|8|6|52.69|0
2319|4|1|1|27.42|0
2320|1|60|1|108.60|0
2320|2|63|1|177.97|0
2320|3|18|2|193.58|0
2321|1|19|1|379.68|0
2321|2|72|2|51.58|10
2321|3|18|1|174.22|10
2322|1|14|3|190.57|0
2323|1|36|5|600.54|0
2324|1|60|3|108.60|0
2325|1|19|1|303.74|20
2325|2|67|1|63.85|0
2325|3|8|2|52.69|0
2325|4|40|3|310.10|0
2325|5|71|1|219.93|0
2326|1|22|4|30.00|15
2326|2|55|1|60.10|10
2326|3|48|6|298.20|0
2326|4|17|4|304.08|0
2327|1|44|1|62.29|15
2327|2|49|2|375.99|5
2327|3|16|2|277.54|0
2327|4|37|1|290.89|0
2327|5|17|4|243.26|20
2327|6|45|5|83.72|0
2327|7|29|2|11.38|0
2328|1|8|1|52.69|0
2328|2|11|1|268.79|0
2328|3|3|2|148.69|0
2328|4|26|1|53.73|0
2328|5|5|2|82.16|0
2329|1|62|1|324.28|15
2329|2|73|2|194.25|0
2330|1|75|1|173.63|0
2330|2|11|5|268.79|0
2330|3|79|2|111.71|0
2330|4|15|1|66.15|15
2331|1|34|5|1042.04|0
2331|2|1|1|27.42|0
2331|3|25|2|53.78|5
2331|4|41|6|284.15|10
2331|5|37|3|290.89|0
2331|6|20|1|45.32|0
2332|1|17|3|288.88|5
2333|1|13|1|361.83|0
2333|2|39|5|144.14|20
2333|3|59|5|501.70|20
2333|4|7|2|75.28|5
2333|5|33|1|916.67|0
2333|6|8|2|52.69|0
2334|1|41|3|315.72|0
2335|1|30|3|38.30|0
2335|2|33|6|916.67|0
2335|3|73|1|194.25|0
2335|4|5|3|78.05|5
2335|5|60|1|108.60|0
2335|6|53|1|408.41|20
2336|1|56|4|758.31|10
2336|2|33|5|870.84|5
2336|3|65|2|173.95|0
2336|4|64|3|128.47|0
2336|5|62|1|381.51|0
2336|6|31|1|515.56|10
2337|1|72|1|57.31|0
2337|2|26|2|53.73|0
2337|3|74|1|133.54|15
2337|4|48|1|298.20|0
2338|1|56|1|842.57|0
2339|1|3|1|148.69|0
2340|1|44|1|73.28|0
2340|2|39|5|162.16|10
2341|1|64|4|96.35|25
2342|1|23|3|15.70|0
2342|2|79|5|111.71|0
2342|3|32|1|842.36|5
2343|1|40|1|294.60|5
2344|1|66|2|139.91|5
2344|2|44|3|69.62|5
2345|1|11|6|268.79|0
2346|1|4|2|31.55|20
2346|2|59|1|595.76|5
2347|1|63|1|177.97|0
2348|1|43|2|390.04|0
2348|2|40|2|279.09|10
2348|3|59|2|564.41|10
2348|4|11|1|268.79|0
2348|5|23|3|15.70|0
2349|1|78|6|35.37|25
2349|2|15|2|70.04|10
2349|3|31|2|572.84|0
2350|1|31|1|572.84|0
2350|2|40|1|294.60|5
2350|3|54|1|657.90|0
2350|4|19|1|379.68|0
2350|5|65|1|173.95|0
2350|6|21|5|40.87|0
2350|7|66|1|147.27|0
2351|1|34|1|1042.04|0
2351|2|22|1|35.30|0
2351|3|78|3|37.73|20
2351|4|43|4|390.04|0
2352|1|11|1|268.79|0
2352|2|31|1|572.84|0
2352|3|67|1|63.85|0
2352|4|71|1|219.93|0
2352|5|58|1|720.71|0
2352|6|15|2|77.82|0
2353|1|26|1|45.67|15
2353|2|50|1|518.17|0
2354|1|39|2|180.18|0
2354|2|77|1|62.44|0
2355|1|14|1|190.57|0
2356|1|67|3|63.85|0
2356|2|74|1|157.11|0
2357|1|35|4|394.82|20
2357|2|6|1|54.40|0
2357|3|68|5|196.96|0
2357|4|28|1|44.97|0
2358|1|13|1|361.83|0
2358|2|38|5|1260.44|0
2358|3|21|1|36.78|10
2358|4|31|1|572.84|0
2359|1|77|1|46.83|25
2359|2|70|1|362.97|0
2360|1|15|1|70.04|10
2360|2|35|1|493.52|0
2361|1|39|1|180.18|0
2361|2|18|2|193.58|0
2361|3|38|3|1260.44|0
2362|1|54|2|657.90|0
2362|2|7|1|79.24|0
2363|1|29|4|9.67|15
2363|2|8|4|39.52|25
2364|1|38|1|1260.44|0
2364|2|60|1|108.60|0
2364|3|36|5|600.54|0
2364|4|19|1|379.68|0
2364|5|34|3|1042.04|0
2364|6|68|2|196.96|0
2365|1|2|5|120.91|0
2365|2|56|1|631.93|25
2366|1|21|1|40.87|0
2366|2|28|1|44.97|0
2367|1|41|1|284.15|10
2367|2|80|1|112.72|0
2367|3|45|4|83.72|0
2367|4|59|2|627.12|0
2368|1|67|2|63.85|0
2368|2|4|1|37.47|5
2368|3|19|2|360.70|5
2368|4|37|3|218.17|25
2369|1|69|1|203.22|0
2369|2|16|2|277.54|0
2369|3|21|1|36.78|10
2369|4|34|1|1042.04|0
2370|1|69|2|203.22|0
2370|2|58|5|720.71|0
2370|3|70|5|362.97|0
2371|1|27|1|24.27|10
2371|2|61|2|330.09|10
2371|3|39|1|180.18|0
2371|4|14|1|190.57|0
2372|1|15|1|77.82|0
2372|2|52|3|93.44|25
2372|3|60|4|92.31|15
2372|4|78|2|35.37|25
2372|5|45|1|83.72|0
2373|1|3|1|118.95|20
2373|2|74|6|157.11|0
2374|1|35|1|419.49|15
2374|2|56|4|842.57|0
2374|3|44|1|73.28|0
2374|4|18|4|174.22|10
2374|5|48|1|298.20|0
2375|1|19|1|379.68|0
2375|2|44|2|73.28|0
2375|3|4|1|39.44|0
2376|1|15|1|77.82|0
2377|1|49|3|316.62|20
2378|1|55|1|66.78|0
2379|1|29|2|11.38|0
2379|2|36|1|600.54|0
2379|3|48|2|238.56|20
2379|4|33|2|916.67|0
2379|5|57|3|708.88|0
2380|1|63|2|177.97|0
2380|2|27|1|26.97|0
2380|3|18|1|193.58|0
2380|4|78|1|40.09|15
2381|1|74|1|157.11|0
2381|2|50|2|466.35|10
2381|3|58|1|720.71|0
2382|1|7|1|79.24|0
2382|2|20|2|38.52|15
2382|3|4|1|39.44|0
2383|1|16|3|277.54|0
2384|1|40|1|279.09|10
2384|2|65|1|173.95|0
2385|1|24|1|22.81|0
2385|2|10|1|54.08|0
2385|3|36|1|600.54|0
2385|4|79|1|94.95|15
2386|1|6|1|48.96|10
2386|2|50|3|518.17|0
2386|3|28|1|42.72|5
2386|4|57|2|708.88|0
2386|5|8|2|52.69|0
2387|1|28|1|44.97|0
2388|1|11|1|255.35|5
2388|2|7|1|79.24|0
2389|1|1|3|27.42|0
2390|1|32|1|886.69|0
2390|2|44|2|73.28|0
2390|3|37|1|290.89|0
2390|4|41|2|315.72|0
2391|1|61|1|366.77|0
2392|1|62|1|362.43|5
2392|2|20|1|45.32|0
2392|3|1|1|27.42|0
2392|4|69|4|203.22|0
2393|1|52|2|118.36|5
2393|2|47|1|496.81|0
2394|1|58|1|648.64|10
2395|1|18|2|193.58|0
2395|2|62|1|381.51|0
2395|3|70|2|362.97|0
2396|1|69|2|182.90|10
2396|2|16|1|277.54|0
2397|1|73|4|194.25|0
2397|2|75|1|164.95|5
2398|1|27|2|20.23|25
2398|2|11|3|268.79|0
2399|1|68|1|196.96|0
2399|2|7|2|59.43|25
2399|3|28|5|44.97|0
2399|4|11|2|255.35|5
2399|5|42|1|65.62|0
2399|6|57|2|708.88|0
2400|1|78|6|40.09|15
2401|1|36|2|510.46|15
2401|2|11|1|268.79|0
2401|3|76|1|137.45|25
2401|4|64|3|128.47|0
2401|5|68|2|196.96|0
2402|1|26|1|53.73|0
2402|2|1|1|27.42|0
2402|3|43|3|390.04|0
2403|1|5|4|78.05|5
2403|2|68|2|196.96|0
2403|3|59|4|627.12|0
2404|1|72|5|48.71|15
2404|2|6|3|54.40|0
2405|1|23|2|14.91|5
2405|2|75|1|173.63|0
2405|3|31|2|572.84|0
2405|4|65|2|173.95|0
2406|1|19|3|303.74|20
2406|2|57|4|637.99|10
2406|3|50|1|518.17|0
2406|4|70|2|362.97|0
2406|5|26|1|53.73|0
2406|6|72|1|48.71|15
2407|1|37|1|290.89|0
2407|2|67|2|63.85|0
2408|1|48|2|298.20|0
2408|2|65|1|173.95|0
2408|3|37|6|290.89|0
2408|4|9|1|41.66|0
2409|1|61|1|366.77|0
2409|2|10|1|54.08|0
2410|1|27|1|22.92|15
2411|1|20|4|45.32|0
2411|2|56|1|842.57|0
2411|3|44|3|73.28|0
2411|4|60|1|108.60|0
2412|1|29|1|11.38|0
2412|2|43|2|390.04|0
2412|3|33|1|916.67|0
2413|1|11|5|255.35|5
2413|2|59|4|627.12|0
2414|1|46|2|264.10|0
2414|2|42|3|65.62|0
2415|1|25|3|50.95|10
2415|2|21|4|40.87|0
2416|1|8|1|52.69|0
2417|1|37|1|290.89|0
2417|2|27|2|20.23|25
2418|1|40|6|279.09|10
2419|1|26|3|40.30|25
2419|2|68|1|147.72|25
2419|3|67|1|63.85|0
2419|4|75|1|173.63|0
2419|5|70|3|362.97|0
2420|1|8|1|52.69|0
2421|1|60|2|108.60|0
2421|2|13|2|361.83|0
2422|1|61|1|366.77|0
2422|2|80|1|112.72|0
2423|1|64|1|122.05|5
2424|1|79|1|111.71|0
2425|1|14|1|171.51|10
2425|2|38|2|1260.44|0
2426|1|72|2|54.44|5
2427|1|77|5|62.44|0
2427|2|58|4|720.71|0
2428|1|7|1|79.24|0
2428|2|73|1|194.25|0
2428|3|5|1|69.84|15
2429|1|13|2|361.83|0
2429|2|54|3|559.22|15
2430|1|11|1|215.03|20
2430|2|8|6|52.69|0
2430|3|7|4|71.32|10
2430|4|12|4|103.21|25
2431|1|2|1|120.91|0
2432|1|78|2|47.16|0
2433|1|3|1|148.69|0
2433|2|13|1|325.65|10
2433|3|20|1|45.32|0
2434|1|69|1|203.22|0
2434|2|76|1|146.62|20
2434|3|18|1|174.22|10
2435|1|16|1|277.54|0
2435|2|62|1|381.51|0
2436|1|62|6|381.51|0
2436|2|26|5|53.73|0
2436|3|10|4|54.08|0
2437|1|30|2|38.30|0
2437|2|31|1|572.84|0
2438|1|38|4|1071.37|15
2438|2|8|1|52.69|0
2438|3|61|1|366.77|0
2438|4|33|4|916.67|0
2439|1|14|2|181.04|5
2439|2|1|3|27.42|0
2439|3|17|2|304.08|0
2440|1|53|2|459.46|10
2440|2|74|1|149.25|5
2440|3|76|1|174.11|5
2441|1|14|1|161.98|15
2442|1|73|1|194.25|0
2443|1|77|4|62.44|0
2443|2|73|4|194.25|0
2443|3|48|1|298.20|0
2444|1|66|2|110.45|25
2445|1|71|1|219.93|0
2445|2|20|2|45.32|0
2445|3|74|2|157.11|0
2445|4|2|1|120.91|0
2445|5|5|6|73.94|10
2445|6|64|1|128.47|0
2445|7|39|1|153.15|15
2445|8|38|5|1260.44|0
2446|1|15|4|77.82|0
2446|2|17|3|273.67|10
2446|3|11|3|241.91|10
2447|1|27|1|26.97|0
2447|2|15|2|77.82|0
2447|3|33|1|916.67|0
2447|4|70|4|362.97|0
2447|5|22|1|35.30|0
2448|1|9|1|37.49|10
2449|1|24|3|22.81|0
2449|2|40|2|279.09|10
2450|1|78|4|44.80|5
2451|1|58|1|720.71|0
2451|2|27|5|22.92|15
2452|1|55|1|66.78|0
2452|2|48|1|283.29|5
2452|3|21|1|40.87|0
2452|4|78|3|47.16|0
2452|5|73|1|194.25|0
2453|1|65|1|130.46|25
2454|1|16|1|277.54|0
2454|2|44|1|65.95|10
2454|3|14|1|190.57|0
2455|1|30|1|38.30|0
2455|2|12|3|130.73|5
2455|3|46|2|237.69|10
2455|4|39|2|180.18|0
2455|5|3|1|148.69|0
2456|1|13|2|289.46|20
2456|2|15|1|77.82|0
2456|3|58|2|720.71|0
2457|1|80|1|112.72|0
2458|1|49|3|395.78|0
2458|2|35|2|493.52|0
2458|3|17|3|304.08|0
2458|4|23|3|15.70|0
2459|1|68|4|196.96|0
2459|2|2|6|120.91|0
2459|3|54|2|657.90|0
2459|4|9|5|41.66|0
2459|5|19|3|379.68|0
2460|1|46|2|264.10|0
2460|2|35|5|493.52|0
2460|3|51|1|479.47|0
2460|4|72|1|57.31|0
2461|1|33|1|916.67|0
2462|1|61|2|366.77|0
2462|2|46|2|250.90|5
2463|1|57|3|673.44|5
2463|2|37|1|290.89|0
2463|3|71|3|219.93|0
2463|4|25|1|56.61|0
2464|1|65|3|173.95|0
2464|2|4|1|35.50|10
2465|1|17|1|304.08|0
2465|2|48|1|298.20|0
2466|1|14|3|171.51|10
2466|2|24|2|22.81|0
2466|3|61|3|366.77|0
2466|4|60|1|108.60|0
2467|1|49|1|395.78|0
2468|1|37|1|290.89|0
2469|1|62|1|324.28|15
2469|2|21|1|40.87|0
2470|1|41|4|315.72|0
2470|2|33|2|870.84|5
2470|3|47|1|496.81|0
2470|4|59|2|627.12|0
2470|5|53|1|510.51|0
2471|1|6|2|54.40|0
2471|2|33|4|916.67|0
2472|1|61|2|311.75|15
2473|1|53|1|510.51|0
2473|2|28|2|44.97|0
2474|1|13|2|361.83|0
2474|2|76|2|183.27|0
2475|1|42|3|52.50|20
2475|2|46|3|264.10|0
2475|3|24|1|22.81|0
2475|4|75|1|173.63|0
2476|1|50|1|518.17|0
2476|2|63|2|177.97|0
2476|3|72|3|57.31|0
2477|1|58|5|720.71|0
2477|2|25|1|56.61|0
2477|3|21|2|40.87|0
2478|1|13|2|361.83|0
2478|2|41|1|299.93|5
2478|3|31|2|429.63|25
2478|4|22|3|33.53|5
2479|1|33|1|733.34|20
2480|1|80|4|112.72|0
2481|1|80|1|90.18|20
2482|1|45|1|83.72|0
2482|2|38|2|1071.37|15
2482|3|20|1|43.05|5
2482|4|34|1|937.84|10
2483|1|33|6|870.84|5
2483|2|39|2|171.17|5
2483|3|19|1|379.68|0
2483|4|42|4|55.78|15
2484|1|40|3|310.10|0
2484|2|68|2|177.26|10
2485|1|24|5|22.81|0
2485|2|22|1|35.30|0
2486|1|8|2|52.69|0
2486|2|51|1|479.47|0
2486|3|14|1|190.57|0
2486|4|23|1|15.70|0
2487|1|61|2|366.77|0
2487|2|77|4|62.44|0
2488|1|45|1|75.35|10
2488|2|4|6|33.52|15
2488|3|36|2|600.54|0
2488|4|32|1|886.69|0
2488|5|53|2|510.51|0
2488|6|59|1|627.12|0
2489|1|9|4|35.41|15
2490|1|66|1|147.27|0
2490|2|70|2|362.97|0
2490|3|26|1|53.73|0
2490|4|29|2|11.38|0
2491|1|37|1|290.89|0
2492|1|50|4|518.17|0
2492|2|2|2|120.91|0
2492|3|52|2|124.59|0
2492|4|6|1|54.40|0
2493|1|44|2|65.95|10
2493|2|78|1|47.16|0
2493|3|27|2|26.97|0
2493|4|5|1|73.94|10
2493|5|51|5|479.47|0
2493|6|24|1|19.39|15
2493|7|22|1|35.30|0
2494|1|7|2|79.24|0
2494|2|14|2|181.04|5
2494|3|51|1|479.47|0
2495|1|71|3|219.93|0
2495|2|57|1|602.55|15
2496|1|31|1|572.84|0
2496|2|26|4|53.73|0
2496|3|19|1|303.74|20
2497|1|60|1|108.60|0
2498|1|55|2|60.10|10
2499|1|43|2|390.04|0
2500|1|41|5|315.72|0
2500|2|63|3|177.97|0
2500|3|31|1|572.84|0
2501|1|43|1|331.53|15
2501|2|10|1|54.08|0
2501|3|30|1|36.38|5
2501|4|33|2|916.67|0
2502|1|45|2|83.72|0
2502|2|44|1|73.28|0
2502|3|3|1|148.69|0
2502|4|21|2|40.87|0
2503|1|1|1|27.42|0
2503|2|32|2|886.69|0
2503|3|57|2|673.44|5
2504|1|74|2|157.11|0
2504|2|36|1|600.54|0
2504|3|64|1|115.62|10
2505|1|18|1|164.54|15
2505|2|41|1|315.72|0
2505|3|20|1|45.32|0
2506|1|32|1|886.69|0
2507|1|67|5|57.47|10
2507|2|77|2|49.95|20
2507|3|53|2|459.46|10
2508|1|15|1|62.26|20
2508|2|62|1|381.51|0
2508|3|80|3|90.18|20
2509|1|59|3|627.12|0
2509|2|24|2|20.53|10
2509|3|49|1|395.78|0
2509|4|28|1|38.22|15
2510|1|1|1|27.42|0
2510|2|80|2|95.81|15
2511|1|15|2|77.82|0
2512|1|12|2|137.61|0
2512|2|15|1|66.15|15
2512|3|76|2|174.11|5
2513|1|27|1|25.62|5
2513|2|76|1|183.27|0
2513|3|58|3|540.53|25
2513|4|59|2|564.41|10
2513|5|50|1|518.17|0
2513|6|73|1|194.25|0
2514|1|73|1|194.25|0
2514|2|62|1|381.51|0
2514|3|2|1|120.91|0
2515|1|71|1|219.93|0
2515|2|50|1|518.17|0
2516|1|10|6|54.08|0
2516|2|7|2|79.24|0
2517|1|42|1|62.34|5
2517|2|35|1|493.52|0
2517|3|58|1|684.67|5
2517|4|61|1|366.77|0
2517|5|68|3|196.96|0
2517|6|60|2|108.60|0
2518|1|43|1|390.04|0
2518|2|69|4|162.58|20
2518|3|5|2|82.16|0
2519|1|54|1|592.11|10
2519|2|53|1|510.51|0
2519|3|44|1|73.28|0
2520|1|53|1|510.51|0
2520|2|23|1|14.91|5
2521|1|26|3|53.73|0
2521|2|15|1|77.82|0
2521|3|55|3|63.44|5
2521|4|67|4|60.66|5
2521|5|2|2|120.91|0
2522|1|62|2|286.13|25
2523|1|78|3|47.16|0
2523|2|33|5|779.17|15
2524|1|33|5|916.67|0
2524|2|75|2|164.95|5
2525|1|19|1|341.71|10
2525|2|79|1|100.54|10
2525|3|69|3|203.22|0
2525|4|39|2|180.18|0
2526|1|43|3|390.04|0
2526|2|2|2|120.91|0
2526|3|79|1|111.71|0
2527|1|51|1|479.47|0
2527|2|32|1|886.69|0
2527|3|29|1|11.38|0
2527|4|71|1|219.93|0
2528|1|7|5|79.24|0
2528|2|43|1|390.04|0
2528|3|77|3|62.44|0
2528|4|67|1|63.85|0
2528|5|69|3|193.06|5
2529|1|21|1|36.78|10
2529|2|34|1|1042.04|0
2529|3|9|4|41.66|0
2529|4|31|1|572.84|0
2529|5|54|1|625.00|5
2529|6|60|1|108.60|0
2530|1|50|2|518.17|0
2530|2|23|1|15.70|0
2530|3|42|1|49.22|25
2531|1|11|1|268.79|0
2531|2|49|5|395.78|0
2532|1|28|2|44.97|0
2532|2|38|1|1260.44|0
2532|3|55|2|63.44|5
2533|1|51|1|407.55|15
2533|2|9|6|41.66|0
2533|3|77|3|49.95|20
2533|4|58|1|720.71|0
2534|1|76|6|164.94|10
2534|2|60|1|108.60|0
2534|3|46|2|250.90|5
2535|1|35|1|468.84|5
2535|2|2|4|108.82|10
2535|3|19|3|322.73|15
2536|1|79|1|106.12|5
2536|2|41|2|299.93|5
2536|3|75|2|173.63|0
2537|1|45|4|79.53|5
2537|2|19|1|341.71|10
2537|3|46|2|224.49|15
2537|4|26|2|53.73|0
2537|5|10|1|54.08|0
2538|1|25|1|56.61|0
2539|1|54|2|526.32|20
2540|1|9|1|41.66|0
2540|2|78|6|47.16|0
2541|1|31|1|572.84|0
2541|2|43|1|331.53|15
2541|3|10|2|54.08|0
2542|1|7|1|67.35|15
2542|2|27|2|26.97|0
2542|3|12|2|137.61|0
2542|4|38|1|1260.44|0
2542|5|33|4|825.00|10
2543|1|20|5|43.05|5
2544|1|10|1|54.08|0
2544|2|31|3|486.91|15
2544|3|22|1|35.30|0
2544|4|59|1|627.12|0
2544|5|33|2|916.67|0
2545|1|40|1|310.10|0
2545|2|1|1|27.42|0
2545|3|35|1|468.84|5
2546|1|31|2|572.84|0
2546|2|44|1|73.28|0
2547|1|70|1|362.97|0
2548|1|78|3|35.37|25
2549|1|47|3|496.81|0
2549|2|58|4|720.71|0
2550|1|36|2|600.54|0
2550|2|58|3|720.71|0
2551|1|58|5|720.71|0
2551|2|13|1|361.83|0
2551|3|44|1|73.28|0
2551|4|77|1|62.44|0
2552|1|36|4|600.54|0
2552|2|39|4|180.18|0
2553|1|25|2|56.61|0
2553|2|61|4|366.77|0
2553|3|60|6|108.60|0
2553|4|51|2|407.55|15
2554|1|20|3|43.05|5
2554|2|47|2|496.81|0
2555|1|49|2|395.78|0
2556|1|42|3|65.62|0
2556|2|44|1|73.28|0
2557|1|25|2|56.61|0
2557|2|9|3|41.66|0
2557|3|43|2|390.04|0
2557|4|80|1|112.72|0
2557|5|79|3|111.71|0
2557|6|39|1|180.18|0
2557|7|76|1|183.27|0
2558|1|38|3|1260.44|0
2558|2|60|1|108.60|0
2558|3|21|1|38.83|5
2559|1|6|5|54.40|0
2559|2|8|3|52.69|0
2559|3|33|1|916.67|0
2559|4|53|3|510.51|0
2559|5|37|1|290.89|0
2559|6|61|2|366.77|0
2560|1|8|1|52.69|0
2561|1|13|4|361.83|0
2561|2|1|2|27.42|0
2561|3|61|1|366.77|0
2561|4|27|1|26.97|0
2562|1|36|6|600.54|0
2562|2|28|3|38.22|15
2563|1|80|3|112.72|0
2563|2|14|2|190.57|0
2563|3|64|3|128.47|0
2564|1|76|2|183.27|0
2564|2|33|3|916.67|0
2565|1|31|5|572.84|0
2566|1|27|1|26.97|0
2566|2|66|4|125.18|15
2566|3|69|1|203.22|0
2567|1|52|5|124.59|0
2568|1|64|4|128.47|0
2569|1|79|1|111.71|0
2569|2|53|1|510.51|0
2570|1|56|2|842.57|0
2570|2|60|2|97.74|10
2570|3|9|3|41.66|0
2571|1|49|1|395.78|0
2571|2|26|1|53.73|0
2571|3|34|2|1042.04|0
2571|4|67|1|63.85|0
2571|5|29|3|11.38|0
2571|6|43|1|351.04|10
2571|7|16|1|277.54|0
2572|1|30|2|30.64|20
2572|2|71|2|219.93|0
2572|3|63|4|177.97|0
2572|4|21|3|40.87|0
2572|5|42|1|59.06|10
2572|6|74|1|157.11|0
2572|7|53|1|484.98|5
2573|1|11|2|268.79|0
2573|2|78|4|47.16|0
2574|1|20|3|38.52|15
2575|1|18|2|193.58|0
2575|2|14|3|190.57|0
2575|3|40|2|310.10|0
2575|4|52|1|124.59|0
2576|1|7|1|79.24|0
2576|2|59|3|627.12|0
2577|1|80|6|112.72|0
2577|2|15|1|66.15|15
2578|1|16|5|277.54|0
2579|1|57|3|567.10|20
2580|1|8|1|52.69|0
2580|2|57|1|708.88|0
2580|3|42|2|65.62|0
2580|4|61|2|366.77|0
2580|5|5|1|78.05|5
2580|6|45|1|79.53|5
2580|7|59|1|627.12|0
2581|1|78|1|47.16|0
2581|2|73|1|194.25|0
2581|3|59|2|501.70|20
2582|1|33|3|916.67|0
2582|2|55|2|66.78|0
2582|3|5|1|82.16|0
2583|1|46|6|264.10|0
2583|2|71|1|219.93|0
2583|3|18|1|193.58|0
2583|4|32|2|886.69|0
2584|1|51|1|479.47|0
2585|1|17|1|304.08|0
2585|2|1|3|23.31|15
2585|3|51|6|479.47|0
2585|4|26|2|48.36|10
2586|1|1|1|27.42|0
2586|2|4|1|35.50|10
2586|3|38|1|1260.44|0
2587|1|63|3|177.97|0
2587|2|38|1|1071.37|15
2587|3|65|1|173.95|0
2588|1|59|3|595.76|5
2589|1|6|1|54.40|0
2590|1|41|1|268.36|15
2591|1|10|1|54.08|0
2591|2|19|1|379.68|0
2591|3|77|4|62.44|0
2591|4|57|1|708.88|0
2592|1|7|3|75.28|5
2592|2|8|1|52.69|0
2592|3|22|2|35.30|0
2593|1|64|2|128.47|0
2593|2|76|2|146.62|20
2593|3|70|2|362.97|0
2593|4|7|3|79.24|0
2593|5|41|1|299.93|5
2594|1|53|1|510.51|0
2594|2|59|1|627.12|0
2595|1|66|1|139.91|5
2596|1|52|1|112.13|10
2597|1|78|2|47.16|0
2598|1|61|1|366.77|0
2598|2|62|1|381.51|0
2599|1|1|2|27.42|0
2599|2|60|2|108.60|0
2599|3|16|2|277.54|0
2600|1|44|1|73.28|0
2600|2|43|1|331.53|15
2600|3|1|2|27.42|0
2601|1|67|2|63.85|0
2602|1|4|1|35.50|10
2602|2|51|1|359.60|25
2602|3|48|1|298.20|0
2603|1|12|4|137.61|0
2604|1|35|3|394.82|20
2604|2|7|3|79.24|0
2605|1|54|4|657.90|0
2605|2|32|3|886.69|0
2605|3|42|4|52.50|20
2606|1|73|1|194.25|0
2606|2|18|2|193.58|0
2606|3|24|1|22.81|0
2607|1|9|1|41.66|0
2608|1|69|4|203.22|0
2608|2|63|4|177.97|0
2608|3|74|3|157.11|0
2608|4|12|2|137.61|0
2609|1|63|1|177.97|0
2610|1|35|1|493.52|0
2610|2|4|1|39.44|0
2610|3|76|1|146.62|20
2611|1|40|3|310.10|0
2611|2|10|1|54.08|0
2611|3|80|1|95.81|15
2611|4|28|3|38.22|15
2611|5|30|2|34.47|10
2612|1|61|6|366.77|0
2613|1|43|2|312.03|20
2614|1|43|3|370.54|5
2614|2|79|2|89.37|20
2614|3|26|1|53.73|0
2615|1|17|1|304.08|0
2616|1|38|1|1260.44|0
2617|1|77|4|62.44|0
2617|2|22|2|35.30|0
2618|1|18|4|193.58|0
2619|1|53|1|510.51|0
2619|2|64|1|128.47|0
2620|1|54|1|657.90|0
2620|2|29|1|11.38|0
2620|3|33|2|916.67|0
2620|4|27|3|26.97|0
2621|1|18|1|193.58|0
2621|2|29|1|9.10|20
2622|1|57|3|708.88|0
2622|2|3|1|148.69|0
2622|3|7|1|79.24|0
2622|4|10|1|54.08|0
2622|5|69|3|203.22|0
2622|6|33|2|916.67|0
2623|1|68|2|196.96|0
2623|2|30|1|36.38|5
2624|1|16|1|277.54|0
2624|2|14|1|190.57|0
2624|3|26|1|53.73|0
2624|4|47|3|496.81|0
2625|1|24|1|22.81|0
2626|1|55|1|50.09|25
2627|1|29|1|11.38|0
2627|2|61|1|366.77|0
2627|3|13|1|361.83|0
2628|1|49|1|316.62|20
2628|2|61|4|366.77|0
2628|3|8|2|52.69|0
2628|4|4|1|39.44|0
2628|5|24|2|22.81|0
2629|1|23|3|12.56|20
2629|2|31|2|544.20|5
2629|3|27|2|26.97|0
2629|4|55|2|66.78|0
2630|1|16|2|277.54|0
2630|2|32|1|886.69|0
2630|3|15|5|77.82|0
2631|1|38|2|1260.44|0
2631|2|3|3|148.69|0
2631|3|4|1|39.44|0
2631|4|68|1|196.96|0
2632|1|36|1|600.54|0
2632|2|6|2|54.40|0
2632|3|47|1|372.61|25
2633|1|64|3|128.47|0
2634|1|49|1|395.78|0
2634|2|67|1|47.89|25
2635|1|14|2|190.57|0
2635|2|59|2|595.76|5
2635|3|57|4|673.44|5
2635|4|19|2|322.73|15
2636|1|70|2|362.97|0
2637|1|4|4|35.50|10
2638|1|31|1|544.20|5
2638|2|19|1|379.68|0
2639|1|59|1|595.76|5
2639|2|63|2|142.38|20
2640|1|74|1|125.69|20
2641|1|56|2|842.57|0
2641|2|1|1|27.42|0
2641|3|12|4|137.61|0
2641|4|80|2|112.72|0
2641|5|29|1|9.67|15
2641|6|54|1|657.90|0
2642|1|13|2|361.83|0
2643|1|76|1|183.27|0
2643|2|12|4|137.61|0
2644|1|32|5|886.69|0
2645|1|75|3|173.63|0
2646|1|37|6|247.26|15
2646|2|10|1|54.08|0
2646|3|9|2|41.66|0
2647|1|47|1|496.81|0
2647|2|19|1|379.68|0
2648|1|16|2|277.54|0
2649|1|11|1|268.79|0
2649|2|48|1|298.20|0
2650|1|11|1|268.79|0
2650|2|10|2|54.08|0
2650|3|25|1|56.61|0
2651|1|37|1|290.89|0
2651|2|17|1|304.08|0
2651|3|73|2|194.25|0
2651|4|45|1|83.72|0
2651|5|52|1|124.59|0
2652|1|76|1|183.27|0
2652|2|66|1|147.27|0
2653|1|26|1|53.73|0
2653|2|58|2|720.71|0
2653|3|71|1|219.93|0
2653|4|21|2|32.70|20
2653|5|41|3|315.72|0
2653|6|23|1|15.70|0
2653|7|60|5|97.74|10
2653|8|80|2|112.72|0
2654|1|58|1|612.60|15
2654|2|37|4|290.89|0
2654|3|79|1|111.71|0
2655|1|79|1|111.71|0
2656|1|1|6|26.05|5
2656|2|72|4|48.71|15
2656|3|20|3|40.79|10
2656|4|60|1|92.31|15
2657|1|52|2|124.59|0
2657|2|1|2|27.42|0
2658|1|30|2|38.30|0
2658|2|77|2|62.44|0
2658|3|31|2|515.56|10
2659|1|63|2|177.97|0
2659|2|44|2|73.28|0
2659|3|74|3|125.69|20
2660|1|33|4|916.67|0
2661|1|24|6|22.81|0
2662|1|20|2|45.32|0
2662|2|55|1|63.44|5
2663|1|49|1|395.78|0
2663|2|64|1|109.20|15
2663|3|35|4|493.52|0
2663|4|2|2|96.73|20
2664|1|18|1|193.58|0
2665|1|77|2|49.95|20
2665|2|46|3|250.90|5
2665|3|59|2|627.12|0
2666|1|26|1|53.73|0
2666|2|1|1|27.42|0
2667|1|1|5|27.42|0
2667|2|10|2|51.38|5
2667|3|20|2|38.52|15
2667|4|68|1|196.96|0
2668|1|37|6|290.89|0
2668|2|5|2|82.16|0
2668|3|47|1|447.13|10
2668|4|40|3|310.10|0
2669|1|74|2|157.11|0
2669|2|2|5|120.91|0
2669|3|52|4|124.59|0
2669|4|6|1|51.68|5
2670|1|33|1|870.84|5
2671|1|78|3|44.80|5
2671|2|70|1|362.97|0
2671|3|13|2|307.56|15
2671|4|37|3|261.80|10
2671|5|56|1|758.31|10
2671|6|40|3|310.10|0
2671|7|47|3|496.81|0
2672|1|40|1|310.10|0
2672|2|67|3|63.85|0
2672|3|66|4|147.27|0
2672|4|22|1|35.30|0
2672|5|70|5|362.97|0
2672|6|27|1|26.97|0
2672|7|24|1|17.11|25
2673|1|10|2|54.08|0
2673|2|15|1|77.82|0
2673|3|7|3|75.28|5
2674|1|70|2|362.97|0
2675|1|27|1|26.97|0
2675|2|4|2|39.44|0
2675|3|60|3|108.60|0
2675|4|40|1|279.09|10
2675|5|25|4|56.61|0
2675|6|52|4|124.59|0
2676|1|9|3|41.66|0
2676|2|69|1|193.06|5
2676|3|36|3|600.54|0
2676|4|44|4|73.28|0
2677|1|11|1|215.03|20
2677|2|55|6|66.78|0
2677|3|2|1|120.91|0
2677|4|50|1|518.17|0
2677|5|79|3|106.12|5
2678|1|16|4|277.54|0
2678|2|18|4|193.58|0
2678|3|4|1|39.44|0
2678|4|37|4|290.89|0
2678|5|60|3|97.74|10
2678|6|36|1|450.40|25
2679|1|10|5|45.97|15
2679|2|28|2|44.97|0
2679|3|58|2|720.71|0
2679|4|57|1|708.88|0
2679|5|29|2|11.38|0
2680|1|1|1|27.42|0
2680|2|37|3|290.89|0
2681|1|52|2|124.59|0
2682|1|11|1|268.79|0
2683|1|2|2|120.91|0
2684|1|12|5|130.73|5
2684|2|5|1|82.16|0
2685|1|22|3|35.30|0
2685|2|17|4|304.08|0
2686|1|67|5|60.66|5
2686|2|45|1|71.16|15
2686|3|74|1|157.11|0
2686|4|25|2|53.78|5
2686|5|77|1|62.44|0
2687|1|64|2|122.05|5
2687|2|49|1|375.99|5
2688|1|29|1|11.38|0
2688|2|49|3|395.78|0
2688|3|41|2|315.72|0
2688|4|55|4|50.09|25
2689|1|57|2|637.99|10
2690|1|54|1|657.90|0
2690|2|66|1|117.82|20
2691|1|55|1|66.78|0
2691|2|2|1|108.82|10
2691|3|22|1|35.30|0
2691|4|80|2|95.81|15
2692|1|63|2|177.97|0
2692|2|70|1|344.82|5
2692|3|74|2|157.11|0
2692|4|75|1|173.63|0
2693|1|15|6|77.82|0
2693|2|50|1|518.17|0
2693|3|46|2|264.10|0
2693|4|66|1|147.27|0
2694|1|8|1|52.69|0
2695|1|7|2|79.24|0
2695|2|44|1|54.96|25
2696|1|59|2|627.12|0
2697|1|14|4|190.57|0
2698|1|9|1|41.66|0
2698|2|3|4|148.69|0
2698|3|21|4|40.87|0
2699|1|14|1|190.57|0
2699|2|59|2|627.12|0
2700|1|9|1|41.66|0
2700|2|61|1|366.77|0
2700|3|40|1|310.10|0
2701|1|60|2|92.31|15
2701|2|65|1|173.95|0
2701|3|53|5|510.51|0
2702|1|44|3|73.28|0
2702|2|26|4|53.73|0
2702|3|21|1|40.87|0
2702|4|17|3|304.08|0
2703|1|57|3|708.88|0
2703|2|14|3|190.57|0
2703|3|16|2|277.54|0
2704|1|72|1|57.31|0
2704|2|50|2|466.35|10
2705|1|61|1|366.77|0
2705|2|42|2|62.34|5
2705|3|76|1|155.78|15
2705|4|55|3|66.78|0
2705|5|14|2|161.98|15
2706|1|79|1|111.71|0
2707|1|38|1|1260.44|0
2707|2|60|5|108.60|0
2707|3|43|2|390.04|0
2707|4|23|2|14.13|10
2707|5|9|2|41.66|0
2707|6|39|2|180.18|0
2708|1|68|1|177.26|10
2708|2|61|5|293.42|20
2709|1|80|1|112.72|0
2709|2|48|3|283.29|5
2709|3|47|1|447.13|10
2709|4|8|1|52.69|0
2709|5|43|1|390.04|0
2709|6|7|1|79.24|0
2709|7|58|1|720.71|0
2710|1|45|3|83.72|0
2710|2|50|2|466.35|10
2711|1|17|5|304.08|0
2712|1|78|3|37.73|20
2712|2|19|1|379.68|0
2713|1|69|3|203.22|0
2714|1|68|3|196.96|0
2714|2|35|2|493.52|0
2714|3|40|1|310.10|0
2715|1|68|3|177.26|10
2715|2|11|5|268.79|0
2715|3|32|1|886.69|0
2715|4|45|1|75.35|10
2715|5|4|1|35.50|10
2715|6|56|1|842.57|0
2715|7|47|1|471.97|5
2715|8|73|1|155.40|20
2716|1|5|3|65.73|20
2716|2|56|2|716.18|15
2716|3|8|5|52.69|0
2716|4|43|4|370.54|5
2717|1|25|1|56.61|0
2718|1|26|1|53.73|0
2718|2|64|1|109.20|15
2718|3|28|1|44.97|0
2718|4|13|3|361.83|0
2719|1|70|2|362.97|0
2720|1|44|1|73.28|0
2720|2|47|1|496.81|0
2720|3|71|1|219.93|0
2721|1|67|1|63.85|0
2721|2|24|2|22.81|0
2722|1|49|2|395.78|0
2722|2|17|3|304.08|0
2722|3|69|2|182.90|10
2722|4|18|3|154.86|20
2722|5|10|1|54.08|0
2723|1|30|1|38.30|0
2724|1|61|3|366.77|0
2724|2|50|1|518.17|0
2724|3|17|1|258.47|15
2724|4|27|1|26.97|0
2724|5|34|1|1042.04|0
2724|6|15|1|73.93|5
2724|7|60|2|108.60|0
2725|1|74|3|117.83|25
2725|2|6|3|51.68|5
2725|3|44|2|73.28|0
2725|4|52|3|124.59|0
2725|5|37|1|247.26|15
2726|1|55|5|66.78|0
2726|2|11|1|268.79|0
2726|3|48|3|298.20|0
2726|4|35|1|468.84|5
2726|5|6|1|46.24|15
2727|1|54|1|657.90|0
2727|2|60|3|108.60|0
2727|3|24|6|19.39|15
2727|4|31|1|544.20|5
2728|1|9|3|41.66|0
2729|1|18|1|193.58|0
2730|1|28|3|40.47|10
2730|2|8|4|52.69|0
2730|3|24|4|22.81|0
2730|4|65|1|173.95|0
2730|5|41|2|252.58|20
2730|6|18|3|183.90|5
2731|1|66|1|147.27|0
2731|2|50|6|518.17|0
2731|3|44|5|73.28|0
2732|1|63|4|151.27|15
2732|2|28|1|44.97|0
2732|3|39|5|180.18|0
2732|4|62|2|381.51|0
2732|5|68|4|196.96|0
2733|1|53|1|408.41|20
2733|2|60|1|108.60|0
2734|1|69|1|203.22|0
2735|1|73|1|194.25|0
2735|2|67|6|63.85|0
2735|3|14|2|190.57|0
2736|1|20|5|45.32|0
2737|1|79|1|111.71|0
2737|2|63|4|177.97|0
2738|1|15|1|77.82|0
2738|2|58|1|648.64|10
2738|3|78|2|35.37|25
2738|4|18|1|193.58|0
2738|5|2|1|102.77|15
2738|6|1|1|26.05|5
2738|7|66|3|147.27|0
2739|1|74|1|157.11|0
2739|2|71|1|186.94|15
2740|1|53|2|408.41|20
2741|1|61|2|275.08|25
2742|1|19|3|379.68|0
2742|2|52|1|124.59|0
2742|3|68|1|196.96|0
2742|4|12|1|137.61|0
2743|1|62|4|381.51|0
2744|1|51|1|479.47|0
2744|2|69|1|182.90|10
2745|1|22|1|35.30|0
2745|2|70|2|362.97|0
2745|3|52|1|124.59|0
2745|4|67|5|63.85|0
2745|5|26|1|53.73|0
2745|6|49|3|395.78|0
2746|1|44|6|73.28|0
2747|1|79|3|100.54|10
2747|2|22|2|35.30|0
2748|1|24|5|18.25|20
2749|1|72|1|57.31|0
2750|1|15|5|77.82|0
2750|2|47|2|496.81|0
2751|1|75|5|173.63|0
2752|1|6|1|43.52|20
2752|2|61|3|348.43|5
2753|1|68|1|177.26|10
2753|2|11|1|268.79|0
2753|3|79|4|83.78|25
2753|4|25|1|56.61|0
2754|1|68|1|196.96|0
2754|2|38|1|1260.44|0
2754|3|1|2|27.42|0
2754|4|5|2|82.16|0
2754|5|76|1|183.27|0
2755|1|70|3|362.97|0
2756|1|22|3|35.30|0
2757|1|9|2|41.66|0
2757|2|33|2|916.67|0
2757|3|43|1|390.04|0
2758|1|78|2|40.09|15
2758|2|66|1|147.27|0
2758|3|22|1|35.30|0
2758|4|58|4|720.71|0
2758|5|33|2|916.67|0
2758|6|67|1|63.85|0
2758|7|54|1|657.90|0
2758|8|73|1|194.25|0
2759|1|38|2|1260.44|0
2759|2|68|1|196.96|0
2759|3|56|2|842.57|0
2759|4|29|4|11.38|0
2759|5|19|2|379.68|0
2760|1|37|2|290.89|0
2760|2|48|3|298.20|0
2760|3|73|1|194.25|0
2760|4|18|4|193.58|0
2760|5|21|1|34.74|15
2761|1|58|1|720.71|0
2761|2|33|1|916.67|0
2762|1|55|5|66.78|0
2762|2|78|2|37.73|20
2762|3|71|1|219.93|0
2763|1|64|2|128.47|0
2763|2|70|1|290.38|20
2763|3|46|3|264.10|0
2763|4|72|1|57.31|0
2764|1|2|1|120.91|0
2764|2|47|2|397.45|20
2764|3|75|2|173.63|0
2765|1|60|5|108.60|0
2765|2|28|2|44.97|0
2766|1|70|1|362.97|0
2766|2|15|4|77.82|0
2767|1|35|1|468.84|5
2767|2|23|1|14.13|10
2768|1|19|1|379.68|0
2768|2|80|4|112.72|0
2768|3|13|1|361.83|0
2768|4|23|3|15.70|0
2769|1|25|4|56.61|0
2769|2|8|2|52.69|0
2769|3|30|3|38.30|0
2769|4|20|1|43.05|5
2769|5|68|1|196.96|0
2769|6|54|2|657.90|0
2770|1|54|1|657.90|0
2770|2|35|3|370.14|25
2770|3|28|2|44.97|0
2771|1|62|6|381.51|0
2771|2|69|1|172.74|15
2771|3|80|2|90.18|20
2771|4|72|1|51.58|10
2772|1|77|6|62.44|0
2773|1|66|1|139.91|5
2773|2|16|2|277.54|0
2773|3|46|1|264.10|0
2773|4|5|4|82.16|0
2773|5|55|2|66.78|0
2773|6|6|4|54.40|0
2773|7|19|1|322.73|15
2774|1|23|2|15.70|0
2774|2|41|2|284.15|10
2774|3|14|5|190.57|0
2774|4|75|2|173.63|0
2774|5|34|1|1042.04|0
2774|6|10|1|54.08|0
2774|7|47|3|496.81|0
2774|8|71|1|219.93|0
2775|1|36|2|570.51|5
2775|2|9|2|41.66|0
2775|3|50|2|518.17|0
2775|4|40|2|310.10|0
2776|1|37|2|276.35|5
2776|2|3|4|126.39|15
2776|3|53|1|510.51|0
2777|1|59|3|627.12|0
2777|2|32|1|886.69|0
2777|3|11|1|255.35|5
2778|1|30|2|38.30|0
2778|2|76|2|174.11|5
2779|1|62|2|362.43|5
2780|1|5|1|82.16|0
2780|2|31|1|572.84|0
2780|3|6|6|51.68|5
2780|4|78|2|47.16|0
2780|5|9|2|39.58|5
2781|1|44|1|73.28|0
2782|1|3|5|148.69|0
2782|2|67|1|54.27|15
2783|1|41|3|315.72|0
2783|2|57|1|708.88|0
2783|3|18|2|193.58|0
2784|1|65|4|173.95|0
2784|2|11|1|255.35|5
2784|3|8|2|52.69|0
2784|4|43|2|351.04|10
2785|1|4|1|39.44|0
2785|2|15|5|77.82|0
2786|1|31|1|544.20|5
2787|1|70|2|362.97|0
2787|2|18|3|193.58|0
2787|3|58|1|720.71|0
2787|4|25|1|45.29|20
2788|1|35|6|493.52|0
2788|2|16|2|277.54|0
2788|3|53|2|510.51|0
2789|1|32|3|886.69|0
2789|2|79|4|89.37|20
2790|1|77|4|62.44|0
2790|2|41|1|315.72|0
2791|1|23|1|15.70|0
2791|2|12|1|137.61|0
2791|3|48|1|298.20|0
2791|4|30|3|32.55|15
2791|5|78|3|47.16|0
2792|1|29|1|11.38|0
2792|2|1|1|27.42|0
2792|3|36|1|600.54|0
2792|4|26|1|53.73|0
2792|5|30|2|38.30|0
2793|1|22|4|30.00|15
2794|1|36|2|600.54|0
2795|1|54|1|657.90|0
2796|1|39|1|180.18|0
2796|2|64|1|122.05|5
2796|3|40|1|310.10|0
2796|4|69|1|203.22|0
2796|5|3|3|148.69|0
2797|1|38|1|1260.44|0
2797|2|69|1|203.22|0
2797|3|23|3|15.70|0
2798|1|49|2|395.78|0
2798|2|26|5|53.73|0
2798|3|25|4|42.46|25
2799|1|57|1|708.88|0
2799|2|19|1|360.70|5
2800|1|44|1|73.28|0
2800|2|16|5|249.79|10
2801|1|16|2|277.54|0
2801|2|39|1|180.18|0
2801|3|32|4|886.69|0
2802|1|8|1|52.69|0
2802|2|43|3|390.04|0
2802|3|59|3|627.12|0
2803|1|1|5|27.42|0
2803|2|51|3|383.58|20
2804|1|43|1|390.04|0
2804|2|56|1|800.44|5
2804|3|72|1|57.31|0
2804|4|27|5|26.97|0
2804|5|64|2|128.47|0
2805|1|48|3|298.20|0
2805|2|32|3|886.69|0
2806|1|36|2|600.54|0
2807|1|23|1|15.70|0
2807|2|49|2|395.78|0
2807|3|65|1|173.95|0
2807|4|56|1|842.57|0
2807|5|50|2|518.17|0
2808|1|77|1|62.44|0
2808|2|44|1|73.28|0
2809|1|77|1|56.20|10
2809|2|28|3|44.97|0
2810|1|3|4|148.69|0
2810|2|32|1|886.69|0
2811|1|70|1|362.97|0
2812|1|69|1|203.22|0
2812|2|14|1|190.57|0
2812|3|53|3|510.51|0
2813|1|47|2|496.81|0
2814|1|45|5|83.72|0
2814|2|78|1|42.44|10
2814|3|53|1|510.51|0
2814|4|8|1|52.69|0
2814|5|59|1|564.41|10
2815|1|6|2|48.96|10
2816|1|19|2|379.68|0
2817|1|57|1|708.88|0
2818|1|28|2|44.97|0
2818|2|40|2|310.10|0
2818|3|42|1|65.62|0
2818|4|67|1|63.85|0
2819|1|73|2|145.69|25
2820|1|68|1|196.96|0
2820|2|57|2|708.88|0
2820|3|80|1|107.08|5
2821|1|6|1|54.40|0
2821|2|60|2|108.60|0
2822|1|23|1|14.91|5
2822|2|22|1|26.48|25
2822|3|66|2|147.27|0
2823|1|19|1|341.71|10
2824|1|44|2|73.28|0
2825|1|14|4|190.57|0
2826|1|23|1|15.70|0
2827|1|68|1|196.96|0
2827|2|65|1|165.25|5
2827|3|38|1|1260.44|0
2828|1|48|2|268.38|10
2828|2|80|3|112.72|0
2828|3|61|4|330.09|10
2828|4|55|1|60.10|10
2829|1|33|1|916.67|0
2829|2|28|2|44.97|0
2829|3|42|1|55.78|15
2829|4|63|1|177.97|0
2829|5|71|1|219.93|0
2830|1|16|2|249.79|10
2831|1|12|2|137.61|0
2832|1|40|2|310.10|0
2832|2|38|1|1260.44|0
2832|3|16|1|277.54|0
2833|1|4|1|37.47|5
2833|2|45|1|83.72|0
2834|1|29|3|11.38|0
2834|2|75|4|173.63|0
2835|1|11|3|268.79|0
2835|2|16|1|277.54|0
2835|3|7|3|79.24|0
2836|1|51|2|479.47|0
2836|2|19|1|379.68|0
2836|3|50|1|518.17|0
2836|4|66|2|132.54|10
2836|5|38|1|1071.37|15
2837|1|10|1|54.08|0
2837|2|57|5|531.66|25
2837|3|17|2|288.88|5
2837|4|19|1|303.74|20
2837|5|75|4|173.63|0
2838|1|46|4|264.10|0
2838|2|71|1|197.94|10
2839|1|63|1|151.27|15
2839|2|15|1|77.82|0
2839|3|61|3|366.77|0
2839|4|66|1|147.27|0
2840|1|5|1|82.16|0
2840|2|76|5|183.27|0
2840|3|28|1|38.22|15
2841|1|5|2|82.16|0
2842|1|67|1|63.85|0
2842|2|39|1|180.18|0
2842|3|3|3|118.95|20
2843|1|13|1|325.65|10
2843|2|22|1|35.30|0
2844|1|45|4|83.72|0
2845|1|33|2|916.67|0
2846|1|75|3|173.63|0
2846|2|52|1|124.59|0
2846|3|62|1|324.28|15
2846|4|51|3|431.52|10
2846|5|48|2|268.38|10
2846|6|14|1|190.57|0
2846|7|4|1|39.44|0
2847|1|15|1|77.82|0
2848|1|31|1|572.84|0
2848|2|79|2|111.71|0
2849|1|17|1|288.88|5
2850|1|68|1|196.96|0
2850|2|48|2|298.20|0
2850|3|53|1|510.51|0
2850|4|77|1|62.44|0
2851|1|42|4|65.62|0
2851|2|34|1|1042.04|0
2851|3|2|3|120.91|0
2851|4|46|2|264.10|0
2852|1|74|2|157.11|0
2852|2|71|2|219.93|0
2852|3|3|1|126.39|15
2853|1|21|4|40.87|0
2853|2|79|1|106.12|5
2853|3|52|1|118.36|5
2853|4|31|3|572.84|0
2853|5|26|1|48.36|10
2854|1|43|3|351.04|10
2854|2|24|2|22.81|0
2854|3|22|1|35.30|0
2854|4|45|3|83.72|0
2854|5|74|1|157.11|0
2854|6|2|2|108.82|10
2855|1|56|6|631.93|25
2855|2|8|5|52.69|0
2856|1|7|1|79.24|0
2856|2|16|2|277.54|0
2856|3|10|1|43.26|20
2856|4|77|1|62.44|0
2856|5|13|1|325.65|10
2857|1|52|3|124.59|0
2857|2|24|1|22.81|0
2857|3|59|1|627.12|0
2857|4|74|1|157.11|0
2858|1|58|2|648.64|10
2858|2|52|1|124.59|0
2858|3|59|2|627.12|0
2858|4|39|1|180.18|0
2858|5|76|1|183.27|0
2858|6|73|2|194.25|0
2859|1|60|1|92.31|15
2859|2|35|3|493.52|0
2860|1|34|1|1042.04|0
2861|1|24|3|18.25|20
2862|1|77|4|59.32|5
2862|2|1|1|27.42|0
2863|1|54|1|657.90|0
2863|2|69|1|203.22|0
2864|1|40|2|310.10|0
2864|2|39|1|180.18|0
2864|3|20|4|45.32|0
2864|4|29|1|11.38|0
2865|1|21|1|40.87|0
2865|2|19|3|379.68|0
2865|3|57|3|708.88|0
2865|4|42|1|65.62|0
2865|5|39|2|162.16|10
2866|1|36|3|540.49|10
2867|1|54|1|592.11|10
2867|2|64|3|102.78|20
2867|3|18|3|193.58|0
2868|1|50|1|518.17|0
2869|1|45|1|83.72|0
2869|2|52|1|124.59|0
2869|3|74|2|157.11|0
2869|4|2|2|114.86|5
2869|5|64|1|128.47|0
2870|1|50|2|518.17|0
2871|1|74|2|133.54|15
2872|1|7|2|71.32|10
2872|2|38|1|1260.44|0
2873|1|52|1|124.59|0
2874|1|36|2|600.54|0
2875|1|40|1|279.09|10
2876|1|1|1|27.42|0
2877|1|23|5|12.56|20
2877|2|13|1|361.83|0
2877|3|52|2|124.59|0
2877|4|12|2|130.73|5
2877|5|1|2|27.42|0
2877|6|19|3|341.71|10
2878|1|75|3|173.63|0
2878|2|35|3|493.52|0
2878|3|7|1|79.24|0
2879|1|50|1|518.17|0
2879|2|71|1|219.93|0
2879|3|72|3|57.31|0
2879|4|23|3|14.13|10
2879|5|6|1|54.40|0
2879|6|65|2|156.55|10
2879|7|52|4|93.44|25
2880|1|56|3|716.18|15
2880|2|25|1|56.61|0
2880|3|6|1|48.96|10
2880|4|60|1|108.60|0
2880|5|43|1|390.04|0
2880|6|62|1|381.51|0
2881|1|61|1|330.09|10
2881|2|75|6|173.63|0
2881|3|37|1|290.89|0
2882|1|33|4|916.67|0
2882|2|60|1|108.60|0
2883|1|69|4|203.22|0
2883|2|53|1|510.51|0
2884|1|20|5|43.05|5
2884|2|1|1|27.42|0
2885|1|70|1|362.97|0
2886|1|62|5|381.51|0
2886|2|74|3|141.40|10
2887|1|77|2|56.20|10
2887|2|47|1|496.81|0
2887|3|5|1|65.73|20
2888|1|20|2|36.26|20
2888|2|25|1|56.61|0
2888|3|53|4|433.93|15
2889|1|3|1|148.69|0
2889|2|29|4|11.38|0
2889|3|80|1|112.72|0
2890|1|59|1|627.12|0
2890|2|78|2|47.16|0
2890|3|51|1|479.47|0
2890|4|60|2|108.60|0
2891|1|12|1|137.61|0
2892|1|23|2|15.70|0
2893|1|61|1|366.77|0
2893|2|68|6|187.11|5
2894|1|13|1|361.83|0
2895|1|63|2|177.97|0
2895|2|70|2|362.97|0
2895|3|28|1|44.97|0
2895|4|25|1|56.61|0
2895|5|12|2|130.73|5
2896|1|46|1|264.10|0
2897|1|78|6|44.80|5
2897|2|77|3|62.44|0
2897|3|32|1|886.69|0
2898|1|80|2|112.72|0
2898|2|21|2|40.87|0
2898|3|76|1|146.62|20
2898|4|43|1|390.04|0
2898|5|64|3|96.35|25
2899|1|80|1|101.45|10
2899|2|76|6|174.11|5
2899|3|77|1|62.44|0
2899|4|16|2|277.54|0
2900|1|48|3|298.20|0
2900|2|13|2|361.83|0
2900|3|41|3|315.72|0
2900|4|7|2|79.24|0
2901|1|16|2|277.54|0
2902|1|32|4|886.69|0
2902|2|18|4|193.58|0
2903|1|35|3|468.84|5
2903|2|27|5|26.97|0
2904|1|26|1|45.67|15
2904|2|79|1|94.95|15
2905|1|61|3|366.77|0
2905|2|37|2|247.26|15
2906|1|59|4|595.76|5
2906|2|32|2|886.69|0
2906|3|50|1|518.17|0
2906|4|51|1|431.52|10
2906|5|34|1|1042.04|0
2906|6|11|2|215.03|20
2907|1|70|1|362.97|0
2907|2|71|1|219.93|0
2908|1|38|1|1260.44|0
2908|2|73|3|194.25|0
2908|3|55|1|66.78|0
2909|1|77|1|62.44|0
2909|2|49|3|375.99|5
2909|3|11|1|268.79|0
2910|1|14|1|190.57|0
2911|1|70|2|362.97|0
2912|1|62|1|324.28|15
2912|2|79|1|111.71|0
2913|1|43|2|390.04|0
2913|2|38|2|1260.44|0
2914|1|50|2|440.44|15
2914|2|70|1|308.52|15
2914|3|63|1|177.97|0
2914|4|33|2|916.67|0
2915|1|23|1|12.56|20
2915|2|21|1|34.74|15
2915|3|6|5|46.24|15
2915|4|64|1|122.05|5
2916|1|74|2|149.25|5
2917|1|22|3|35.30|0
2918|1|68|5|196.96|0
2918|2|6|4|40.80|25
2919|1|8|1|52.69|0
2919|2|32|2|753.69|15
2920|1|57|1|708.88|0
2920|2|69|5|182.90|10
2920|3|20|2|45.32|0
2920|4|50|1|518.17|0
2920|5|74|1|157.11|0
2920|6|60|1|108.60|0
2920|7|35|4|493.52|0
2920|8|29|4|8.54|25
2921|1|47|1|496.81|0
2921|2|72|1|57.31|0
2921|3|6|4|48.96|10
2921|4|41|2|315.72|0
2922|1|56|4|842.57|0
2922|2|41|5|268.36|15
2923|1|12|1|103.21|25
2923|2|2|3|120.91|0
2923|3|10|1|54.08|0
2924|1|69|1|203.22|0
2924|2|5|2|82.16|0
2924|3|31|1|572.84|0
2924|4|30|1|32.55|15
2925|1|36|2|600.54|0
2925|2|76|1|164.94|10
2926|1|3|2|148.69|0
2927|1|13|1|325.65|10
2928|1|69|1|152.41|25
2928|2|52|1|124.59|0
2928|3|19|1|322.73|15
2928|4|3|1|126.39|15
2929|1|71|2|219.93|0
2929|2|5|1|69.84|15
2929|3|20|2|45.32|0
2930|1|78|4|47.16|0
2930|2|10|1|54.08|0
2930|3|24|1|21.67|5
2931|1|55|1|66.78|0
2932|1|24|1|22.81|0
2932|2|34|1|1042.04|0
2933|1|18|1|193.58|0
2933|2|71|2|219.93|0
2933|3|2|5|120.91|0
2934|1|63|4|177.97|0
2934|2|65|5|173.95|0
2935|1|51|3|431.52|10
2935|2|33|5|916.67|0
2935|3|73|1|155.40|20
2935|4|38|1|1260.44|0
2935|5|58|2|648.64|10
2936|1|21|3|40.87|0
2937|1|70|2|308.52|15
2937|2|41|2|284.15|10
2937|3|32|1|842.36|5
2937|4|54|3|657.90|0
2937|5|68|1|196.96|0
2938|1|42|1|65.62|0
2938|2|37|1|290.89|0
2939|1|27|2|26.97|0
2939|2|21|2|40.87|0
2939|3|36|1|570.51|5
2940|1|33|1|916.67|0
2940|2|45|1|83.72|0
2941|1|59|2|627.12|0
2941|2|65|4|173.95|0
2941|3|5|2|78.05|5
2942|1|27|1|25.62|5
2943|1|19|2|303.74|20
2943|2|44|6|73.28|0
2943|3|11|4|241.91|10
2944|1|70|1|362.97|0
2944|2|34|2|1042.04|0
2945|1|23|1|15.70|0
2945|2|73|1|194.25|0
2946|1|32|3|886.69|0
2947|1|63|2|177.97|0
2947|2|65|3|173.95|0
2948|1|45|2|75.35|10
2948|2|32|3|886.69|0
2948|3|56|2|842.57|0
2948|4|8|6|52.69|0
2948|5|28|4|44.97|0
2949|1|68|1|177.26|10
2949|2|26|2|40.30|25
2950|1|40|1|310.10|0
2950|2|27|1|24.27|10
2950|3|80|1|95.81|15
2951|1|52|1|124.59|0
2951|2|2|1|120.91|0
2951|3|1|1|27.42|0
2952|1|43|1|390.04|0
2953|1|69|1|203.22|0
2953|2|18|1|193.58|0
2954|1|80|5|112.72|0
2955|1|8|1|52.69|0
2955|2|66|1|147.27|0
2955|3|60|2|92.31|15
2955|4|65|1|147.86|15
2955|5|61|2|311.75|15
2956|1|41|1|315.72|0
2956|2|15|4|58.36|25
2956|3|77|3|62.44|0
2957|1|44|1|73.28|0
2957|2|75|1|173.63|0
2958|1|72|3|57.31|0
2958|2|62|6|381.51|0
2958|3|6|1|51.68|5
2958|4|31|1|515.56|10
2959|1|23|1|15.70|0
2959|2|51|4|383.58|20
2959|3|75|3|164.95|5
2959|4|56|2|842.57|0
2960|1|22|1|33.53|5
2960|2|34|2|1042.04|0
2960|3|36|1|600.54|0
2960|4|41|3|315.72|0
2961|1|39|1|180.18|0
2961|2|36|1|510.46|15
2961|3|16|1|277.54|0
2962|1|39|6|162.16|10
2962|2|64|2|128.47|0
2962|3|48|1|268.38|10
2962|4|52|4|124.59|0
2962|5|17|2|304.08|0
2963|1|40|6|310.10|0
2963|2|54|1|657.90|0
2964|1|61|2|275.08|25
2964|2|32|1|886.69|0
2965|1|5|3|82.16|0
2965|2|42|2|65.62|0
2965|3|79|2|111.71|0
2965|4|62|1|381.51|0
2965|5|70|1|362.97|0
2965|6|38|6|1197.42|5
2965|7|12|2|137.61|0
2966|1|64|1|128.47|0
2966|2|71|2|219.93|0
2966|3|77|1|62.44|0
2967|1|21|1|40.87|0
2968|1|10|1|54.08|0
2968|2|5|4|82.16|0
2968|3|42|4|65.62|0
2969|1|78|1|40.09|15
2969|2|51|5|479.47|0
2970|1|71|1|219.93|0
2970|2|11|4|268.79|0
2970|3|59|4|533.05|15
2970|4|64|6|128.47|0
2971|1|35|2|444.17|10
2971|2|39|2|180.18|0
2972|1|62|3|381.51|0
2972|2|28|4|38.22|15
2972|3|9|3|41.66|0
2972|4|35|4|493.52|0
2972|5|48|1|298.20|0
2972|6|14|6|190.57|0
2972|7|65|3|156.55|10
2973|1|20|2|45.32|0
2973|2|36|2|600.54|0
2973|3|16|4|277.54|0
2973|4|35|1|493.52|0
2973|5|80|1|112.72|0
2974|1|49|1|356.20|10
2974|2|69|1|203.22|0
2974|3|77|2|62.44|0
2975|1|21|4|40.87|0
2975|2|19|1|379.68|0
2975|3|63|2|177.97|0
2975|4|18|1|154.86|20
2975|5|60|1|108.60|0
2975|6|10|5|54.08|0
2976|1|6|1|54.40|0
2976|2|25|2|56.61|0
2977|1|18|1|193.58|0
2977|2|24|1|19.39|15
2978|1|20|1|45.32|0
2978|2|69|1|203.22|0
2978|3|61|1|293.42|20
2978|4|67|4|57.47|10
2978|5|9|2|41.66|0
2979|1|20|5|40.79|10
2979|2|22|1|35.30|0
2979|3|63|1|177.97|0
2979|4|38|1|1260.44|0
2979|5|72|1|45.85|20
2979|6|33|6|916.67|0
2980|1|31|2|572.84|0
2980|2|57|5|708.88|0
2980|3|43|1|390.04|0
2980|4|71|2|219.93|0
2980|5|66|2|147.27|0
2980|6|64|1|128.47|0
2981|1|23|1|15.70|0
2981|2|14|1|190.57|0
2981|3|38|1|1260.44|0
2982|1|18|1|193.58|0
2982|2|9|3|41.66|0
2983|1|63|1|169.07|5
2983|2|67|1|63.85|0
2983|3|77|1|62.44|0
2983|4|79|1|111.71|0
2984|1|3|1|148.69|0
2985|1|13|1|343.74|5
2985|2|62|5|381.51|0
2985|3|27|3|25.62|5
2985|4|21|1|40.87|0
2985|5|55|2|56.76|15
2985|6|47|5|496.81|0
2986|1|64|2|122.05|5
2987|1|3|1|148.69|0
2988|1|32|5|886.69|0
2989|1|54|1|657.90|0
2989|2|63|1|177.97|0
2990|1|67|1|63.85|0
2990|2|63|1|177.97|0
2990|3|36|2|540.49|10
2991|1|39|4|180.18|0
2991|2|13|1|361.83|0
2992|1|2|2|120.91|0
2992|2|17|2|304.08|0
2992|3|1|1|27.42|0
2992|4|29|1|11.38|0
2993|1|21|1|40.87|0
2993|2|39|1|171.17|5
2993|3|26|5|51.04|5
2993|4|36|2|600.54|0
2994|1|30|4|38.30|0
2995|1|26|4|53.73|0
2995|2|59|1|627.12|0
2996|1|56|3|842.57|0
2996|2|78|1|47.16|0
2997|1|25|2|56.61|0
2998|1|66|2|147.27|0
2998|2|14|3|190.57|0
2998|3|19|3|379.68|0
2998|4|33|1|825.00|10
2998|5|30|1|38.30|0
2998|6|5|5|65.73|20
2999|1|53|1|510.51|0
2999|2|60|4|97.74|10
2999|3|5|1|78.05|5
3000|1|76|1|174.11|5
3000|2|43|3|390.04|0
3000|3|68|2|196.96|0
